<?xml version="1.0" encoding="utf-8"?><html section="conditions" xmlns:xsi="http://www.w3.org/2001/XMLSchema-instance" xsi:noNamespaceSchemaLocation="file:///c:/MyJava/doc/saxon8/saxon-doc-schema.xsd">

<head>
<title>Saxon: Conditions of Use</title>
</head>

<body>

<h1>Conditions of Use</h1>


<page>
<h2 id="intro">Introduction</h2>

<p><b>These conditions of use apply to the open source version of the Saxon product, 
on both the Java and .NET platforms.
Additional terms and conditions apply to the commercial Saxon-SA product.</b></p>


<h3>Saxon</h3>

<p>The contents of the downloaded file (saxon[version].zip)
 are subject to the Mozilla Public License Version 1.0
(the "License"); you may not use this file except in compliance with the License.
 You may obtain a copy of the License at
 <a href="http://www.mozilla.org/MPL/">http://www.mozilla.org/MPL/</a></p>

<p>Software distributed under the License is distributed on an "AS IS" basis,
 WITHOUT WARRANTY OF ANY KIND, either express or implied.
  See the License for the specific language governing rights and limitations under the License.</p> 

<p>The Original Code of Saxon comprises all those components which are not explicitly attributed
 to other parties.</p> 

<p>The Initial Developer of the Original Code is Michael Kay. Until February 2001 Michael Kay
was an employee of International Computers Limited (now part of Fujitsu Limited), and original code
developed during that time was released under this license by permission from International Computers Limited.
From February 2001 until February 2004 Michael Kay was an employee of Software AG, and code developed 
during that time was released under this license by permission from Software AG, acting as a "Contributor".
Subsequent code has been developed by Saxonica Limited, of which Michael Kay is a Director, again acting
as a "Contributor". A small number of modules, or enhancements to modules, have been developed by other individuals
(either written specially for Saxon, or incorporated into Saxon having initially been released as part of another
open source product). Such contributions are acknowledged individually in comments attached to the relevant code
modules.  All Rights Reserved.</p> 

<p>If you produce a product that includes or requires Saxon, please refer to it prominently as
"The Saxon XSLT and XQuery Processor from Saxonica Limited", and include the URL of the
home page, which is at <a href="http://www.saxonica.com/">http://www.saxonica.com/</a>. 
As a courtesy, please take reasonable steps to ensure that your users know that they are running Saxon.</p>

<p>There is no guarantee of technical support, though I am usually able to answer enquiries
within a few days. Please subscribe to the mailing list available at
 <a href="http://lists.sourceforge.net/lists/listinfo/saxon-help">
http://lists.sourceforge.net/lists/listinfo/saxon-help</a> and raise any enquiries there. 
Also check the Saxon project pages on SourceForge for details of known errors; all bugs are
listed there as soon as I have sufficient evidence to describe the nature of the problem.</p>

<p><b>Please do not enter suspected bugs directly into the "bugs" tracker on SourceForge.
I prefer to keep that for confirmed bugs only, so that it is easier to search for known bugs.</b></p>

<p><i>The commercial Saxon-SA product (on both the Java and .NET platforms) 
is a "Larger Work" as defined by section 3.7 of the Mozilla Public License. 
It consists of the open source "Covered Code" (with no modifications) plus additional components distributed in
executable form only.</i></p> 

</page>

<page><h2 id="other">Other components</h2>

<p>Saxon includes the <code>org.apache.xerces.util.XMLChar</code> module from the Apache Xerces product,
renamed as <code>net.sf.saxon.om.XMLChar</code> but otherwise unchanged. See the copyright statements
included in the source code of that module for conditions of use.</p>

<p>Saxon includes code for performing Unicode normalization that is derived from the sample code published
for this purpose by the Unicode consortium. For the terms of use of this code, see
<a href="http://www.unicode.org/terms_of_use.html">http://www.unicode.org/terms_of_use.html</a>,
which should be regarded as forming part of these conditions of use, and part of the Saxon documentation.
The original code and data published by Unicode Inc has been modified in the following ways: (a) two
bugs have been fixed (these have been reported to the originator), (b) the routines for extracting data from 
the Unicode character database have been
rewritten so that the required subset of the data is precompiled into Saxon, for efficiency, (c) dependencies
on the ICU software from IBM have been removed, replacing calls to the relevant routines by calls to utility
functions within Saxon itself, (d) package names have been changed, (e) redundant code has been removed.</p>

<p>On the .NET platform only, Saxon is distributed with the unaltered runtime support code for the IKVM Java virtual machine
(see <a href="http://www.ikvm.net/">http://www.ikvm.net/</a>) which itself includes a copy of GNU Classpath
(see <a href="http://www.gnu.org/software/classpath/classpath.html">http://www.gnu.org/software/classpath/classpath.html</a>).</p>

<p>IKVM carries the following license statement:</p>

<example>
Copyright (C) 2002, 2003, 2004 Jeroen Frijters

This software is provided 'as-is', without any express or implied warranty. 
In no event will the authors be held liable for any damages arising from the use of this software.

Permission is granted to anyone to use this software for any purpose, including commercial 
applications, and to alter it and redistribute it freely, subject to the following restrictions:

1. The origin of this software must not be misrepresented; you must not claim that you wrote 
the original software. If you use this software in a product, an acknowledgment in the product 
documentation would be appreciated but is not required.

2. Altered source versions must be plainly marked as such, and must not be misrepresented as 
being the original software.

3. This notice may not be removed or altered from any source distribution.

Jeroen Frijters
jeroen@frijters.net 
</example>

<p>GNU Classpath is licensed under the GPL (see <a href="http://www.gnu.org/copyleft/gpl.html">http://www.gnu.org/copyleft/gpl.html</a>
with an exception specific to GNU Classpath, described at
 <a href="http://www.gnu.org/software/classpath/license.html">http://www.gnu.org/software/classpath/license.html</a>.
</p>

</page>
</body>
</html>
