<?xml version="1.0"?><html section="conformance" xmlns:xsi="http://www.w3.org/2001/XMLSchema-instance" xsi:noNamespaceSchemaLocation="file:///c:/MyJava/doc/saxon8/saxon-doc-schema.xsd">

<head>
  <title>Standards Conformance</title>
  </head>

<body>


<h1>Standards Conformance</h1>

<page>
<h2 id="intro">Introduction</h2>

<p>This section of the documentation describes the extent to which Saxon
conforms to external specifications, notably W3C language specifications
and Java API specifications.</p>

<p>Statements of conformance are made here in good faith, but since there are as yet no complete
conformance test suites, the list of discrepancies is almost certainly incomplete.
Any information about discrepancies or non-conformances not noted here will be
welcomed, and the differences will either be corrected in the product, or documented in a
future revision of this section.</p>

</page>

<page>
<h2 id="xslt20">XSLT 2.0 conformance</h2>

<p>This release of Saxon is a complete implementation of the XSLT 2.0
<a href="http://www.w3.org/TR/xslt20/">Recommendation</a> of 23 January 2007.</p>

<p>Saxon-B 8.x acts as a <i>Basic XSLT Processor</i>,
 while Saxon-SA 8.x acts as a <i>Schema-Aware XSLT Processor</i>. The distinction is that a Basic XSLT Processor
 does not allow schemas to be imported and does not support validation of source or result documents or reference
 to user-defined types. These correspond to the two conformance levels defined in the XSLT 2.0 specification.</p>

<p>The XSLT 2.0 specification defines two optional conformance features, the serialization feature and
the backwards compatibility feature. These optional features are implemented in both Saxon-B and Saxon-SA.</p>

<p>There is one known non-conformance which applies only on the .NET platform:</p>

<ul>
<li><p>Under .NET, when the <code>System.Xml</code> parser is used, attributes declared in the DTD as being
of type <code>ID</code> are not accessible using the <code>id()</code> function. This is because the
<code>System.Xml</code> parser does not make the DTD-defined attribute type available to the application.</p></li>
</ul>

<h3>Test results</h3>

<p>Saxonica has submitted test results for the W3C XSLT Test Suite. At present this test suite, and the
submitted results, are available to W3C members only. Saxon's submitted results in the suite, however, are available
<a href="http://www.saxonica.com/conformance/xslts1.0.4/published-results.html">here</a>.</p>

<h3>Checklist of Implementation-Defined Items</h3>

<p>The following list describes the way in which Saxon implements the features that the specification
leaves implementation-defined. The numbering of items in the list corresponds to the numbering
in the checklist provided as 
<a href="http://www.w3.org/TR/xslt20/#implementation-defined-features">Appendix F of the XSLT 2.0 specification</a>.</p>

<ol>


<li><p><i>The way in which an XSLT processor is invoked, and the way in which values are supplied 
for the source document, starting node, stylesheet parameters, and base output URI, 
are implementation-defined. (See 2.3 Initiating a Transformation)</i></p>

<p>Saxon offers a <xref section="using-xsl" page="commandline">command line interface</xref>,
 and a <xref section="using-xsl" page="embedding">Java API</xref>. The Java API conforms to the JAXP 1.3 Transformation interface
 defined in the JDK specifications, extended as necessary to support XSLT 2.0 facilities.</p></li>

<li><p><i>The mechanisms for creating new extension instructions and extension functions are
 implementation-defined. (See 2.7 Extensibility)
</i></p>

<p>The mechanisms offered by Saxon are described in <xref section="extensibility" page="instructions">Extension instructions</xref>
<xref section="extensibility" page="functions">extension functions</xref> respectively.</p></li>

<li><p><i>Where the specification provides a choice between signaling a dynamic error or recovering,
 the decision that is made (but not the recovery action itself) is implementation-defined.
  (See 2.9 Error Handling)
</i></p>

<p>In most cases Saxon allows the user to make this choice, using the options -w0, -w1, and -w2 on the command line
(meaning respectively: ignore the error silently, continue after a warning, treat the error as fatal).
Equivalent options are also available in the Java API.</p>

<p>There are some cases where this does not apply:</p>

<ul>
<li><p>XTRE1160 (unrecognized media type): 
this error is not detected, Saxon always takes the recovery action.</p></li>
<li><p>XTRE1630 (disable-output-escaping when the result is not serialized): 
this error is not detected, Saxon always takes the recovery action.</p></li>
</ul>
</li>

<li><p><i>It is implementation-defined whether type errors are signaled statically. (See 2.9 Error Handling)</i></p>

<p>Saxon does extensive type checking at compile time, though it does not follow the precise inference rules as
defined in the W3C <i>Formal Semantics</i>. Errors are signaled statically only where a construct cannot
possibly succeed (that is, where it will always fail with a type error at run time if evaluated). 
Warnings are signaled (a) where a path expression will always return an empty sequence
(for example, @x/@y), and (b) in the case of a construct that can
only succeed if the supplied value is an empty sequence, for example when comparing values whose statically-inferred
types are <code>integer?</code> and <code>string?</code> respectively.</p>

</li>

<li><p><i>The handling of serialization errors is implementation-defined. (See 2.9 Error Handling)
</i></p>

<p>Saxon reports all serialization errors defined in the serialization specification, and treats them
as fatal unless the serialization specification itself defines them as recoverable, in which case they
are handled as warnings.</p></li>

<li><p><i>The set of namespaces that are specially recognized by the implementation
 (for example, for user-defined data elements, and extension attributes) is implementation-defined.
  (See 3.6.2 User-defined Data Elements)
</i></p>

<p>The only namespace that is specially recognized is <code>http://saxon.sf.net/</code>.</p></li>

<li><p><i>The effect of user-defined data elements whose name is in a namespace recognized by the
 implementation is implementation-defined. (See 3.6.2 User-defined Data Elements)
</i></p>

<p>The user-defined data elements recognized by Saxon (for example, <code>saxon:collation</code>,
<code>saxon:import-query</code>, and <code>saxon:script</code>) are described in
<xref section="extensions" page="instructions">extension instructions</xref>. Any other element in the Saxon namespace
is signaled as an error.</p></li>

<li><p><i>It is implementation-defined whether an XSLT 2.0 processor supports backwards-compatible behavior.
 (See 3.8 Backwards-Compatible Processing)
</i></p>

<p>Saxon supports backwards-compatible behavior.</p></li>

<li><p><i>It is implementation-defined what forms of URI reference are acceptable in the href attribute
 of the xsl:include and xsl:import elements, for example, the URI schemes that may be used, the forms of
  fragment identifier that may be used, and the media types that are supported. (See 3.10.1 Locating Stylesheet Modules)
</i></p>

<p>Saxon allows a user-specified <code>URIResolver</code> to handle these URIs, in which case the forms of URI that are accepted
depend on this <code>URIResolver</code>. By default, Saxon on the Java platform uses the 
mechanisms in the <code>java.net.URI</code> class of the underlying
Java VM, while on the .NET platform the capabilities of the System.Uri class are used.
 The capabilities of these underlying classes depend on the version and variant of the platform in use, 
 and may also be customized by users.</p>

<p>Saxon places no restriction on the media type of a stylesheet module. Regardless of the media type, it
accepts a "bare name" fragment identifier as a reference to an element within the retrieved document, identified
by an attribute of type ID.</p></li>

<li><p><i>An implementation may define mechanisms, above and beyond xsl:import-schema, that allow schema
 components such as type definitions to be made available within a stylesheet. (See 3.13 Built-in Types)
</i></p>

<p>In addition to importing types using <code>xsl:import-schema</code>, Saxon implicitly imports a type
corresponding to each class that is present in the Java classpath. These types have names in the namespace
<code>http://saxon.sf.net/java-type</code>; the local name of the type is the same as the full name of the
Java class (for example, <code>java.net.URI</code>, with any "$" signs replaced by hyphens. These types
are intended for use with extension functions written in Java.</p></li>

<li><p><i>It is implementation-defined which versions of XML and XML Namespaces (1.0 or 1.1) are supported.
 (See 4.1 XML Versions)
</i></p>

<p>Saxon gives the user the choice. See 
<xref section="sourcedocs" page="xml11">Saxon and XML 1.1</xref>.</p></li>

<li><p><i>The implicit timezone for a transformation is implementation-defined. 
(See 5.4.3.2 Other components of the XPath Dynamic Context)
</i></p>

<p>Saxon uses the timezone obtained from the system clock, unless the user specifies a different timezone as
a configuration option. The implicit timezone is fixed when a Saxon <code>Configuration</code> is loaded 
(in JAXP terms, when a <code>TransformerFactory</code> is loaded), and applies to
all transformations run under the control of that <code>Configuration</code>.</p></li>

<li><p><i>The numbering sequences supported by the <code>xsl:number</code> instructions, beyond those defined in this
 specification, are implementation-defined. (See 12.3 Number to String Conversion Attributes)
</i></p>

<p>Saxon allows localized numbering sequences to be defined by user-written plug-in code: see
<xref section="extensibility" page="localizing">implementing localized numbers</xref>. In the absence of such a plug-in, the sequences
that are supported are those defined in the specification, plus Greek upper-case (x0391), Greek lower-case
(x03b1), Cyrillic upper case (x0410), Cyrillic lower-case (x0430), Hebrew (x05d0), Hiragana A (x3042),
Katakana A (x30a2), Hiragana I (x3044), Katakana I (x30a4), and Kanji digits (x4e00). If an unrecognized
letter is used as a formatting token, Saxon constructs a sequence starting with that letter and making
use of the contiguous Unicode code-points starting with that letter that are classified as letters or digits.
For example, the format token "x" produces the sequence x, y, z, xx, xy, xz, ...</p></li>

<li><p><i>There may be implementation-defined upper bounds on the numbers that can be formatted by xsl:number
 using any particular numbering sequence. (See 12.3 Number to String Conversion Attributes)
</i></p>

<p>Saxon imposes no limits on numbering sequences using letters or digits (other than those imposed by resource
limitations). Roman numerals are handled in the range 1 to 9999, though values above 4000 are best avoided because
there are no recognized conventions.</p></li>

<li><p><i>The set of languages for which numbering is supported by xsl:number, and the method of choosing
 a default language, are implementation-defined. (See 12.3 Number to String Conversion Attributes)
</i></p>

<p>The default language is English. Other languages are supported only if user-written localization plug-ins
are provided. A sample plug-in for German is available, more as a demonstration of the capability than as
a production-quality implementation.</p></li>

<li><p><i>If the data-type attribute of the xsl:sort element has a value other than "text" or "number", 
the effect is implementation-defined. (See 13.1.2 Comparing Sort Key Values)
</i></p>

<p>Any value other than "text" or "number" is treated as an error.</p></li>

<li><p><i>The facilities for defining collations and allocating URIs to identify them 
are implementation-defined. (See 13.1.3 Sorting Using Collations)
</i></p>

<p>Saxon allows a user-written <code>CollationURIResolver</code> to interpret the collation URI, in which case there are no
restrictions on the URI that is used. If the standard <code>CollationURIResolver</code> is used, 
two forms of URI are recognized:
a URI declared using the <code>saxon:collation</code> element in the stylesheet, and a URI of the form
<code>http://saxon.sf.net/collation?keyword=value;keyword=value;...</code> as described in
 <xref section="extensibility" page="collation">Collations</xref>. It is also possible to register
 collations (with user-defined names) via the Java API.</p></li>

<li><p><i>The algorithm used by xsl:sort to locate a collation, given the values of the lang and case-order
 attributes, is implementation-defined. (See 13.1.3 Sorting Using Collations)
</i></p>

<p>Given the <code>lang</code> attribute, Saxon on the Java platform uses the 
Java Locale mechanisms to find a locale for that
language, and hence a collation. On the .NET platform, Saxon similarly finds a collation appropriate to the .NET culture
for that language. Given the <code>case-order</code> attribute, Saxon takes the collation that
would be used in the absence of this attribute, changes its strength to <code>secondary</code> (making it case-blind),
and then re-evaluates the result of any comparison performed by the base collator so that if the base collator
decides two strings are equal, they are examined again to establish the effect of any case differences.</p></li>

<li><p><i>The set of media types recognized by the processor, for the purpose of interpreting fragment
 identifiers in URI references passed to the document function, is implementation-defined. 
 (See 16.1 Multiple Source Documents)
</i></p>
<p>Saxon ignores the media type entirely. Fragment identifiers are interpreted as bare names (matching ID attribute
values) regardless of the media type.</p></li>

<li><p><i>The set of languages, calendars, and countries that are supported in the date formatting functions
 is implementation-defined. If any of these arguments is omitted or set to an empty sequence,
  the default is implementation-defined. (See 16.5.2 The Language, Calendar, and Country Arguments)
</i></p>

<p>Saxon allows the localizations for particular languages to be defined as user-written plug-ins. The only language
supported in the issued product is English, and there is a sample plug-in provided for German. The only calendars
recognized are the Gregorian and ISO calendars. The country argument is ignored except for determining a timezone name.
</p></li>

<li><p><i>The choice of the names and abbreviations used in any given language for calendar units such
 as days of the week and months of the year is implementation-defined. (See 16.5.2 The Language, Calendar,
  and Country Arguments)</i></p>
  
<p>For English, the days of the week are Monday, Tuesday, Wednesday, Thursday, Friday, Saturday, Sunday.
If abbreviations are requested the values used are Mon, Tues, Weds, Thurs, Fri, Sat, Sun, right-truncated 
if necessary to the requested maximum length. If the minimum length is 1 and the maximum is 2, then the values used are
M Tu We Th F Sa Su.</p>

<p>For English, the names of the months are January, February, March, April, May, June, July, August, September,
October, November, and December. If abbreviation is requested, the leading part of the name to the required length
is used (always returning at least three characters).</p></li>

<li><p><i>The values returned by the system-property function, and the names of the additional properties
 that are recognized, are implementation-defined. (See 16.6.5 system-property)
</i></p>

<p>The following table shows the values returned for system-defined properties, for both Saxon-B and Saxon-SA: here
"8.7" is replaced by the current version number. The suffix "J" indicates the Java platform; this is replaced
by "N" on the .NET platform.</p>

<table><thead><tr><td><p>Name</p></td><td><p>Saxon-B</p></td><td><p>Saxon-SA</p></td></tr></thead>
<tbody>
<tr><td><p>xsl:version</p></td><td><p>2.0</p></td><td><p>2.0</p></td></tr>
<tr><td><p>xsl:vendor</p></td><td><p>SAXON 8.7J from Saxonica</p></td><td><p>SAXON SA 8.7J from Saxonica</p></td></tr>
<tr><td><p>xsl:vendor-url</p></td><td><p>http://www.saxonica.com/</p></td><td><p>http://www.saxonica.com/</p></td></tr>
<tr><td><p>xsl:product-name</p></td><td><p>SAXON</p></td><td><p>SAXON</p></td></tr>
<tr><td><p>xsl:product-version</p></td><td><p>8.7J</p></td><td><p>SA 8.7J</p></td></tr>
<tr><td><p>xsl:is-schema-aware</p></td><td><p>no</p></td><td><p>yes</p></td></tr>
<tr><td><p>xsl:supports-serialization</p></td><td><p>yes</p></td><td><p>yes</p></td></tr>
<tr><td><p>xsl:supports-backwards-compatibility</p></td><td><p>yes</p></td><td><p>yes</p></td></tr>
</tbody></table>

<p>If the name of the system property is in the null namespace, Saxon returns the value of the Java system property
whose name matches the local name.</p></li>

<li><p><i>The destination and formatting of messages written using the xsl:message instruction are
 implementation-defined. (See 17 Messages)
</i></p>
<p>By default, messages are formatted as XML and written to the standard error output. Both the formatting
and the destination can be customized through the Java API.</p></li>

<li><p><i>The effect of an extension function returning a string containing characters that are not
 legal in XML is implementation-defined. (See 18.1.2 Calling Extension Functions)
</i></p>
<p>Saxon does not validate the values that are returned. Invalid values may cause an error during subsequent
processing, or may be written to the final output destination, resulting in ill-formed XML.</p></li>

<li><p><i>The way in which external objects are represented in the type system is implementation-defined.
 (See 18.1.3 External Objects)
</i></p>

<p>Saxon represents external objects as a subtype of <code>xdt:anyAtomicType</code>. A QName is allocated to such types
based on the Java class name of the external object, within the namespace "http://saxon.sf.net/java-type".
The local name is the same as the expanded Java class name, with "$" replaced by "-".</p>
</li>

<li><p><i>The way in which a final result tree is delivered to an application is implementation-defined.
 (See 19 Final Result Trees)
</i></p>

<p>In the case of the principal result tree, the destination is specified using the JAXP API (as the second
argument of the transform() method). If secondary result trees are not to be serialized to filestore, a
user-written <code>OutputURIResolver</code> must be nominated. Saxon will pass all generated result trees to this class, 
which can then do what it likes with them.</p></li>

<li><p><i>Implementations may provide additional mechanisms allowing users to define the way in which
 final result trees are processed. (See 19.1 Creating Final Result Trees)
</i></p>

<p>See previous item.</p></li>

<li><p><i>If serialization is supported, then the location to which a final result tree is serialized
 is implementation-defined, subject to the constraint that relative URIs used to reference one tree 
 from another remain valid. (See 20 Serialization)
</i></p>

<p>The <code>href</code> attribute of <code>xsl:result-document</code> is interpreted as a relative URI, 
relative to the URI that defines the destination to which the principal result tree is serialized. This
is defined by the <code>-o</code> option on the command line, or by the SystemID of the Result object
supplied using the JAXP API.</p></li>

<li><p><i>The default value of the encoding attribute of the xsl:output element is implementation-defined.
 (See 20 Serialization)
</i></p>

<p>The default encoding is UTF-8.</p></li>

<li><p><i>It is implementation-defined which versions of XML, HTML, and XHTML are supported in the version
 attribute of the xsl:output declaration. (See 20 Serialization)
</i></p>

<p>For HTML and XHTML, Saxon treats the version attribute as documentary only. For XML, versions 1.0 and 1.1
are recognized.</p></li>

<li><p><i>The default value of the byte-order-mark serialization parameter is implementation-defined
 in the case of UTF-8 encoding. (See 20 Serialization)
</i></p>

<p>A byte order mark is written only if explicitly requested (that is, the default is "no").</p></li>

<li><p><i>It is implementation-defined whether, and under what circumstances, disabling output escaping
 is supported. (See 20.2 Disabling Output Escaping)
</i></p>

<p>Disable-output-escaping is supported provided that the final result tree is being written to a StreamResult.
It can also be notified to a SAXResult, as described in the JAXP documentation. Disable-output-escaping
is not supported when writing to a temporary tree.</p></li>

</ol>



</page>
<page>
<h2 id="xpath20">XPath 2.0 conformance</h2>

<p>This release of Saxon implements
the full XPath 2.0 language as defined in the
 <a href="http://www.w3.org/TR/xpath20/">Recommendation</a> of 23 January 2007.</p>

<p>There are some minor non-conformances in XPath 2.0 regular expression support, both caused
by bugs or restrictions in the underlying platform:</p>

<ul>

<li><p>On the Java platform, there are some inconsistencies in the way the "i" flag
is interpreted. Consider the Kelvin sign, x212A. This character should match the expression
 <code>[A-Z]</code>, because
the lower-case variant of the Kelvin sign is "k", which is also the lower-case variant
of a character in the range A-Z. Currently it does not match. This issue is awaiting resolution
 of a Java bug report raised by Saxonica: reference 568554. <!-- test regex37, item 4--></p></li>

 <li><p>On the .NET platform, there are some inconsistencies in the way the "i" flag
is interpreted. These are under investigation.</p></li>

</ul>

<p>All the functions defined in the <a href="http://www.w3.org/TR/xpath-functions">Functions and Operators</a>
specification are implemented. Information about the way they are implemented is provided in 
<xref section="functions">functions reference</xref>.</p>

<p>There is a non-conformance in the implementation of the <code>collection()</code> function:
with the default collection URI resolver, the results are not guaranteed to be stable. 
That is, when the same collection URI is used more
than once, both the contents of the collection and the contents of the documents within the 
collection may be different on each occasion. It is possible to achieve stable results with
a user-written collection URI resolver.</p>


<h3>Implementation-defined aspects of Functions and Operators</h3>

<p>The Functions and Operators specification includes a number of implementation-defined behaviors.
This section describes how these are implemented in Saxon.</p>

<ol>

<li><p><i>The destination of the trace for fn:trace() output is implementation-defined.
</i></p>
<p>By default trace output is sent to the standard error output. It can be redirected in various ways: by redirecting System.err,
by supplying a user-written MessageEmitter, or by changing the output destination of the standard
MessageEmitter to a defined output stream or writer.</p></li>

<li><p><i>For [overflow during] xs:integer operations, implementations that support limited-precision integer operations
must either raise an error [err:FOAR0002] or provide an implementation-defined mechanism that allows 
users to choose between raising an error and returning a result that is modulo the largest 
representable integer value.</i></p>

<p>Saxon supports unlimited-precision integer arithmetic, so this provision does not apply.</p>
</li>

<li><p><i>For xs:decimal values the number of digits of precision returned by the numeric operators
 is implementation-defined. If the number of digits in the result exceeds the number of digits
  that the implementation supports, the result is truncated or rounded in an implementation-defined manner.
</i></p>

<p>Saxon supports unlimited-precision decimal arithmetic. For addition, subtraction, and multiplication, 
no rounding or truncation occurs; the full precision of the result is maintained. For division, the number
of digits in the result is: the number of digits in the numerator, the number of digits in
the divisor, or 18, whichever is greatest. Rounding of values in the range .0 to .5 inclusive is towards zero,
otherwise away from zero.</p></li>

<li><p><i>It is implementation-defined which version of Unicode is supported by the features 
defined in this specification, but it is recommended that the most recent version of Unicode be used.
</i></p>

<p>Some functions such as the implementations of <code>upper-case()</code> and <code>lower-case()</code>
are delegated to the Java VM, and the result therefore depends on the Unicode version supported by the
Java VM. In JDK 5.0 this is Unicode version 4.0.</p>

<p>Other functions such as <code>normalize-unicode()</code> are implemented natively within Saxon. The character
tables used for this are derived from the Unicode 4.0 database.</p>
</li>

<li><p><i>For normalize-unicode(), conforming implementations must support normalization
 form "NFC" and may support normalization forms "NFD", "NFKC", "NFKD", "FULLY-NORMALIZED".
  They may also support other normalization forms with implementation-defined semantics.
</i></p>

<p>Saxon currently supports normalization forms NFC, NFD, NFKC, and NFKD.</p></li>


<li><p><i>The ability to decompose strings into collation units suitable for substring matching
 is an implementation-defined property of a collation.</i></p>
 
<p>Saxon supports this capability for a collation implemented using a Java <code>RuleBasedCollator</code>.
Any Java <code>Comparator</code> can be used to implement a collation, but the substring matching functions
will fail (error FOCH0004) if the <code>Comparator</code> is not a <code>RuleBasedCollator</code>.</p>

<p>Saxon also supports this capability on the .NET platform. However, the results delivered by the collation
support on the .NET platform do not appear to be 100% aligned with the XPath specification.</p> 
 </li>
 
 <li><p><i>All minimally conforming processors must support year values with a 
 minimum of 4 digits (i.e., YYYY) and a minimum fractional second precision of 
 1 millisecond or three digits (that is, s.sss). However, conforming processors may set 
 larger implementation-defined limits on the maximum number of digits they support
 in these two situations.</i></p>
 
 <p>Saxon allows the year to be any 32-bit signed integer. Computations involving negative
 years are not encouraged because of speculation in the XML Schema specification about future changes
 to the semantics of the data type. Seconds are supported to a fractional precision of six digits
 (that is, microsecond precision).</p></li>
 
 
 <li><p><i>Various aspects of the processing provided by <code>doc()</code> are 
 implementation-defined. Implementations may provide external configuration options that
  allow any aspect of the processing to be controlled by the user.</i></p>

 <p>Saxon allows the URI dereferencing to be performed using a user-supplied <code>URIResolver</code>,
 as defined in the JAXP specification, or using an <code>XmlResolver</code> on the .NET platform.
  Saxon also provides various options to control whitespace stripping,
 validation using a DTD or schema, handling of errors, and support for XML 1.1. If appropriate configuration
 options are set, then query parameters are recognized in the URI to control some of these decisions.</p>
 </li></ol> 
  
  

</page>
<page size="0.8">
<h2 id="xquery">XQuery 1.0 Conformance</h2>


<p>This release of Saxon implements
the full XQuery 1.0 language as defined in the 
<a href="http://www.w3.org/TR/xquery/">Recommendation</a> of 23 January 2007.
The <xref page="xpath20">restrictions</xref> noted with respect to XPath 2.0 apply equally to Saxon's support for
XQuery 1.0.</p>

<p>XQuery conformance levels are described in
<a href="http://www.w3.org/TR/xquery/#id-xquery-conformance">Section 5 of the XQuery specification</a>.</p>

<p>Saxon-B provides <b>Minimal Conformance</b> plus the following <b>Optional Features</b>:</p>

<ul>
<li><p>Full Axis Feature</p></li>
<li><p>Module Feature</p></li>
<li><p>Serialization Feature</p></li>
</ul>

<p>Saxon-SA provides <b>Minimal Conformance</b> plus the following <b>Optional Features</b>:</p>

<ul>
<li><p>Schema Import Feature</p></li>
<li><p>Schema Validation Feature</p></li>
<li><p>Full Axis Feature</p></li>
<li><p>Module Feature</p></li>
<li><p>Serialization Feature</p></li>
</ul>

<p>Neither Saxon product supports the Static Typing Feature, and there are no plans to do so.</p>

<p>There are some known non-conformances if the product is used in particular ways:</p>

<ul>
<li><p>In pull mode (-pull on the command line) there is a restriction that namespace undeclaration
is not supported; this means that the query prolog option "copy-namespaces no-inherit" has no effect.</p></li>
<li><p>Under .NET, when the <code>System.Xml</code> parser is used, attributes declared in the DTD as being
of type <code>ID</code> are not accessible using the <code>id()</code> function. This is because the
<code>System.Xml</code> parser does not make the DTD-defined attribute type available to the application.</p></li>
</ul>

<h3>Conformance Tests</h3>

<p>Saxonica has submitted results for the published 
<a href="http://www.w3.org/XML/Query/test-suite/">W3C XQuery Test suite</a>. W3C has published
have generated both <a href="http://www.w3.org/XML/Query/test-suite/XQTSReportSimple.html">summary</a> 
and <a href="http://www.w3.org/XML/Query/test-suite/XQTSReport.html">detail</a> reports from the results;
at the time of writing Saxon-SA is the only product to achieve a 100% pass rate.</p> 

<p>The test driver used to measure these results is included in the Saxon distribution
as part of the <code>saxon-resources-8.n</code> download.</p>


<h3>Checklist of Implementation-Defined Items</h3>

<p>Appendix D of the XQuery specification lists a number of features whose behavior is implementation-defined.
For Saxon, the behavior is as follows:</p>

<ol>
<li><p><i>The version of Unicode that is used to construct expressions.</i></p>

<p>Saxon relies on the underlying Java or .NET I/O mechanisms to read the supplied query, 
so this is dependent on the underlying platform that is used to run Saxon.</p>
</li>
<li><p><i>The statically-known collations.</i></p>

<p>Collation URIs of the form <code>http://saxon.sf.net/collation?<i>param=value;param=value...</i></code>
are always available: these map to the collations offered by the locales available within the Java VM
in use. Additional collation URIs may be implemented by users and registered with the Saxon configuration
via the Java API.</p></li>


<li><p><i>The implicit timezone.</i></p>

<p>The implicit timezone is normally taken from the system clock. This may, however, be overridden
via the Java API.</p>
</li>

<li><p><i>The circumstances in which warnings are raised, and the ways in which warnings are handled.</i></p>

<p>Warnings are raised for a variety of conditions. Compile time warnings include:</p>

<ul><li><p>Use of a path expression that can never select anything (for example <code>@a/@b</code>)</p></li>

<li><p>Use of an expression that can only succeed if one or more operands are empty sequences</p></li>

<li><p>Use of a string literal in a PITest that is not a valid NCName</p></li>

</ul>

<p>Warnings may also be raised at run-time, for example if the <code>collection()</code> function
fails to load a document and recovery has been requested.</p>

<p>Compile-time warnings are sent to the JAXP <code>ErrorListener</code> registered with the <code>Configuration</code>;
the default <code>ErrorListener</code> displays them as messages on <code>System.err</code>. Run-time
warnings are sent to the JAXP <code>ErrorListener</code> registered with the <code>Controller</code>;
the default is the same.</p>

</li>

<li><p><i>The method by which errors are reported to the external processing environment.</i></p>

<p>Compile-time errors are sent to the JAXP <code>ErrorListener</code> registered with the <code>Configuration</code>;
the default <code>ErrorListener</code> displays them as messages on <code>System.err</code>. Run-time
errors are sent to the JAXP <code>ErrorListener</code> registered with the <code>Controller</code>;
the default is the same. When queries are invoked from a Java application, any error will also be
notified by throwing an exception.</p>
</li>

<li><p><i>Whether the implementation is based on the rules of [XML 1.0] and [XML Names]
or the rules of [XML 1.1] and [XML Names 1.1]. One of these sets of rules must be applied
 consistently by all aspects of the implementation.</i></p>

 <p>Saxon gives the user the choice: see <xref section="sourcedocs" page="xml11">Saxon and XML 1.1</xref>.
 Note that since Saxon allows the user to select which XML parser to use on a per-document basis,
 achievement of consistency across "all aspects of the implementation" is in part a user
 responsibility. Saxon will not reject any attempt to use an XML 1.1 parser in a 1.0 configuration,
 or vice versa.</p>

 <p>There are no known XML parsers available on the .NET 1.1 platform that support XML 1.1.</p>
</li>

<li><p><i>Any components of the static context or dynamic context that are overwritten or augmented
by the implementation.</i></p>

<p>The following table shows the components of the static context. For each component, the second column
shows whether the component is overwritten or augmented by Saxon itself. The third columns shows whether
it may be overwritten or augmented by an application, through facilities in the Java API.</p>

<table>
<tr><td><p>Component</p></td><td><p>Overritten or augmented by Saxon?</p></td><td><p>Can be set from Java API?</p></td></tr>
<tr><td><p>XPath 1.0 Compatibility Mode</p></td><td><p>no</p></td><td><p>no</p></td></tr>
<tr><td><p>Statically known namespaces</p></td><td><p>no</p></td><td><p>yes</p></td></tr>
<tr><td><p>Default element/type namespace</p></td><td><p>no</p></td><td><p>yes</p></td></tr>
<tr><td><p>Default function namespace</p></td><td><p>no</p></td><td><p>no</p></td></tr>
<tr><td><p>In-scope schema types</p></td><td><p>yes: types corresponding to Java classes for use in extension functions</p></td><td><p>no</p></td></tr>
<tr><td><p>In-scope element declarations</p></td><td><p>no</p></td><td><p>no</p></td></tr>
<tr><td><p>In-scope attribute declarations</p></td><td><p>no</p></td><td><p>no</p></td></tr>
<tr><td><p>In-scope variables</p></td><td><p>no</p></td><td><p>no</p></td></tr>
<tr><td><p>Context item static type</p></td><td><p>no</p></td><td><p>no</p></td></tr>
<tr><td><p>Function signatures</p></td><td><p>yes: any Java method on the classpath can be referenced</p></td><td><p>yes: there is a plug-in mechanism</p></td></tr>
<tr><td><p>Statically known collations</p></td><td><p>yes: collations of the form http://saxon.sf.net/collation?<i>params</i></p></td><td><p>yes</p></td></tr>
<tr><td><p>Default collation</p></td><td><p>no</p></td><td><p>yes</p></td></tr>
<tr><td><p>Construction mode</p></td><td><p>no</p></td><td><p>no</p></td></tr>
<tr><td><p>Ordering mode</p></td><td><p>no</p></td><td><p>no</p></td></tr>
<tr><td><p>Default order for empty sequences</p></td><td><p>no</p></td><td><p>no</p></td></tr>
<tr><td><p>Boundary-space policy</p></td><td><p>no</p></td><td><p>no</p></td></tr>
<tr><td><p>Copy-namespaces mode</p></td><td><p>no</p></td><td><p>no</p></td></tr>
<tr><td><p>Base URI</p></td><td><p>yes: inferred from the location of the query</p></td><td><p>yes</p></td></tr>
<tr><td><p>Statically known documents</p></td><td><p>no</p></td><td><p>no</p></td></tr>
<tr><td><p>Statically known collections</p></td><td><p>no</p></td><td><p>no</p></td></tr>
<tr><td><p>Statically known default collection type</p></td><td><p>no</p></td><td><p>no</p></td></tr>
</table>

<p>For the dynamic context, the corresponding settings are:</p>

<table>
<tr><td><p>Context item</p></td><td><p>no</p></td><td><p>yes</p></td></tr>
<tr><td><p>Context position</p></td><td><p>no</p></td><td><p>no</p></td></tr>
<tr><td><p>Context size</p></td><td><p>no</p></td><td><p>no</p></td></tr>
<tr><td><p>Variable values</p></td><td><p>no</p></td><td><p>only for declared external variables</p></td></tr>
<tr><td><p>Function implementations</p></td><td><p>no</p></td><td><p>yes (extension functions)</p></td></tr>
<tr><td><p>Current dateTime</p></td><td><p>yes (from system clock)</p></td><td><p>yes</p></td></tr>
<tr><td><p>Implicit timezone</p></td><td><p>yes (from system clock)</p></td><td><p>yes</p></td></tr>
<tr><td><p>Available documents</p></td><td><p>yes (all documents reachable using Java URL connections)</p></td><td><p>yes (URIResolver)</p></td></tr>
<tr><td><p>Available collections</p></td><td><p>no</p></td><td><p>yes (CollectionResolver/catalog)</p></td></tr>
<tr><td><p>Default collection</p></td><td><p>no</p></td><td><p>yes (CollectionResolver/catalog)</p></td></tr>
</table>
</li>

<li><p><i>Which of the optional axes are supported by the implementation, if the Full-Axis Feature is not supported.</i></p>

<p>The Full-Axis features is supported.</p>
</li>

<li><p><i>The default handling of empty sequences returned by an ordering key
(sortspec) in an order by clause (empty least or empty greatest).</i></p>

<p>Empty least</p></li>

<li><p><i>The names and semantics of any extension expressions (pragmas) recognized by the implementation.</i></p>

<p>Saxon-SA recognizes one pragma: <code>saxon:validate-type</code>. For details, see
<xref section="using-xquery" page="extensions">XQuery extensions</xref>.</p></li>



<li><p><i>The names and semantics of any option declarations recognized by the implementation.</i></p>

	  <p>See <xref section="using-xquery" page="extensibility">XQuery Extensibility</xref>.</p></li>

<li><p><i>Protocols (if any) by which parameters can be passed to an external function, and the
result of the function can be returned to the invoking query.</i></p>

<p>Java methods can be called as <xref section="extensibility" page="functions">Extension Functions</xref></p></li>

<li><p><i>How the implementation handles location hints in module imports,
if the Module Feature is supported.</i></p>

<p>The location hint is interpreted as a relative URI, relative to the base URI of the referencing
module. It is then dereferenced using the Java URL mechanisms, unless the user has nominated a
<code>ModuleURIResolver</code>, in which case the interpretation is under user control.</p></li>


 <li><p><i>Any static typing extensions supported by the implementation,
 if the Static Typing Feature is supported.</i></p>

 <p>Not applicable.</p></li>


 <li><p><i>The means by which serialization is invoked, if the Serialization Feature is supported.</i></p>

 <p>Serialization may be invoked from the command line or from the Java or .NET API. Serialization parameters
 may be supplied on the command line, from the Java or .NET API, or through option declarations in the query
 prolog.</p></li>

 <li><p><i>The default values for the byte-order-mark, encoding, media-type, normalization-form,
 omit-xml-declaration, standalone, and version parameters, if the Serialization Feature is supported.</i></p>

 <p>As specified in Appendix C.3 of the XQuery specification.</p>
 </li>
</ol>


</page>

<page>
<h2 id="schema">Conformance with XML Schema 1.0</h2>

<p>The schema-aware version of the Saxon product (Saxon-SA)
includes a complete implementation of XML Schema 1.0. This version of the product
is available from <a href="http://www.saxonica.com/">Saxonica Limited</a>.</p>

<p>Test results have been submitted against the W3C XML Schema Test Suite. Conformance is around 98%
in the latest submission; this reflects both a large number of bugs reported by Saxonica against the
test suite, and a significant number of minor deviations in Saxon 8.8 that were revealed by the test suite, and
which have been fixed in Saxon 8.9</p>

<p>Known limitations include the following:</p>

<ul>

<li><p>Saxon imposes limits on the values of <code>minOccurs</code> and <code>maxOccurs</code> appearing on any
particle in a content model. These limits are designed to prevent out-of-memory errors. By default, the upper limit for
<code>minOccurs</code> is 100 and  the upper limit for <code>maxOccurs</code> (other than "unbounded") is 250.
If these limits are exceeded,
a warning is output, and the values specified are replaced with the highest allowed value (which is "unbounded"
in the case of <code>maxOccurs</code>). The limits are configurable using the method <code>setOccurrenceLimits()</code>
in the class <code>SchemaAwareConfiguration</code>. If they are set too high, however, out-of-memory or stack overflow errors will
occur either during schema compilation or during instance validation.</p></li>

<li><p>Saxon implements schema processing only to the extent required for XPath, XSLT, and XQuery processing
and for assessment of document validity. This
means that PSVI properties beyond those required for the XPath data model are not provided. It also means that
validation errors are fatal, they do not result in a PSVI that indicates the validation outcome for individual nodes.</p></li>

<li><p>Elements and attributes of type <code>xs:ENTITY</code> or <code>xs:ENTITIES</code> are not checked against the list of unparsed entities
declared in the document. (This check is not required during XSLT or XQuery validation, but it is required by standalone
schema validation.)</p></li>

<li><p>Saxon uses a different algorithm to evaluate type subsumption from the one given in the specification. The Saxon
algorithm (an implementation of the algorithm published by Henry Thompson and Richard Tobin of the University of
Edinburgh) is more accurate than the one in the W3C specification in deciding whether one complex type subsumes another.
It therefore permits some complex type restrictions that the cruder W3C algorithm disallows.</p></li>

<li><p>Saxon also uses the Thomson and Tobin algorithm to evaluate the Unique Particle Attribution constraint. The effect
of this is that no UPA violation is reported when a complex type contains two distinct element particles that are references to the
same element declaration, since the element declaration can be identified unambiguously.</p></li>

<li><p>Saxon does not allow a user-defined type to be derived directly from <code>xs:anySimpleType</code>. It seems
that the specification does not disallow this, though the effect of doing it is very unclear.</p></li>
</ul>

</page>

<page>
<h2 id="serialization">Serialization</h2>

<p>The <a href="">Serialization</a> specification does not define its own conformance rules, saying instead
that these are up to the host language to define.</p>

<p>Saxon implements all the mandatory provisions of the serialization specification.</p>

<p>The known non-conformances are:</p>

<ul>

<li><p>The serialization specification states that characters that can be natively encoded in the chosen
encoding must be natively encoded and must not be represented using character or entity references.
Saxon behaves this way by default, but provides an extension, <code>saxon:character-representation</code>,
which changes the behavior. Such extensions have recently been declared non-conformant, but this one
is retained in Saxon for backwards compatibility reasons.</p></li>

</ul>

<p>The following page defines how Saxon interprets those aspects of the serialization specification
that are implementation-defined.</p>

<h3>Implementation-defined aspects of Serialization</h3>

<p>This section defines how Saxon interprets those aspects of the serialization specification
that are implementation-defined. The list follows the numbering of 
<a href="http://www.w3.org/TR/xslt-xquery-serialization/#implementation-defined-features">Appendix D</a> 
of the Serialization specification.</p>

<ol>
<li><p><i>For any implementation-defined output method, it is implementation-defined whether sequence normalization process takes place. (See 2 Sequence Normalization)
</i></p>
<p>Sequence normalization takes place for all output methods, including user-defined output methods.</p></li>
<li><p><i>If the namespace URI is non-null for the method serialization parameter, then the parameter specifies an implementation-defined output method. (See 3 Serialization Parameters)
</i></p>
<p>In such cases the local name of the method must be the name of a Java class that implements one of the interfaces
org.xml.sax.ContentHandler, net.sf.saxon.event.Emitter, or net.sf.saxon.event.Receiver. The class is loaded from
the classpath and then takes responsibility for producing the serialized output (if any). The actual namespace URI is ignored.</p></li>
<li><p><i>If the value of the normalization-form parameter is not NFC, NFD, NFKC, NFKD, fully-normalized, or none
 then the meaning of the value and its effect is implementation-defined. (See 4 Phases of Serialization)
</i></p>
<p>Any value other than those listed is an error.</p></li>
<li><p><i>The effect of providing an option that allows the encoding phase to be skipped,
 so that the result of serialization is a stream of Unicode characters, is implementation-defined.
  The serializer is not required to support such an option. (See 4 Phases of Serialization)
</i></p>
<p>Saxon allows the serialized output to be written to a Java Writer, which is a character stream.
 In this case no encoding
takes place.</p></li>
<li><p><i>A serializer may provide an implementation-defined mechanism to place CDATA
 sections in the result tree. (See 5.1.4 XML Output Method: the cdata-section-elements Parameter)
</i></p>
<p>Saxon defines a factory class that enables Java applications to insert user-defined
classes into the serialization pipeline. This mechanism could be used to override the standard
CDATA processing.</p></li>
</ol>
</page>

<page>
<h2 id="other">Conformance with other specifications</h2>

<p>Saxon is dependent on the user-selected XML parser to ensure conformance with the XML 1.0 or 1.1
Recommendation and the XML Namespaces Recommendation. The syntax for names appearing in XPath expressions
follows the XML 1.0 or 1.1 rules depending on Saxon configuration settings.</p>

<p>Saxon implements the <code>&lt;?xml-stylesheet?&gt;</code> processing instruction as described in the
W3C Recommendation <i>Associating StyleSheets with XML Documents</i>.
The <b>href</b> pseudo-attribute must be a URI identifying an XML document containing a stylesheet,
or a URI with a fragment identifier identifying an embedded stylesheet. The fragment must be the value
of an ID attribute declared as such in the DTD.</p>

<p>Saxon's two native tree models, the standard tree and the tiny tree, both support the <code>xml:id</code>
Recommendation. An attribute named <code>xml:id</code> is recognized by the <code>id()</code> function,
provided that its value after space-trimming is a valid <code>NCName</code>. Saxon's schema processor
imposes the constraint that an <code>xml:id</code> attribute, if allowed at all, must be declared as being
of type <code>xs:ID</code>.</p>

<p>Saxon on the Java platform works with any SAX2-conformant XML parser that is configured to enable namespace
processing. There is one limitation: on the startElement() call from the XMLReader to the
ContentHandler, the QName (that is, the third argument) must be present. According to the SAX2
specification, namespace-aware parsers are not obliged to supply this argument. However, all
commonly-used parsers appear to do so.</p>

<p>Saxon on the Java platform should work with any DOM-conformant XML parser, however, Saxon's DOM interface is tested
only with Crimson and Xerces, and DOM implementations are known to vary widely. Saxon has been used
successfully with the Oracle DOM implementation, though this is not included in the standard test suite and
problems have occasionally been reported with this combination.</p>

<p>When a XOM tree is supplied as the transformation input, Saxon does not combine adjacent
text nodes into a single node. Adjacent text nodes can occur as the result of user modifications to the
tree, or as a result of the presence of CDATA sections or entity references, depending on the options
in force when the tree was constructed. <i>This restriction no longer applies to DOM and JDOM trees:
in these cases, the virtual XPath view that is created maps one XPath text node to a sequence of
adjacent DOM or JDOM nodes.</i></p>





</page>

<page>

<h2 id="encodings">Character Encodings Supported</h2>

<p>The encodings supported on input depend entirely on your choice of XML parser.</p>

<p>On output, any encoding supported by the Java VM or the .NET platform (as appropriate) may be used.</p>

<p>The encodings <code>iso-646</code> and <code>iso646</code> (in any mixture of upper and lower
case) are recognized as synonyms of <code>US-ASCII</code>.</p>

<p>On the Java platform, there are some differences between the character encodings supported by the old <code>java.io</code> package
and the new <code>java.nio</code> package. If the requested encoding is not supported by the <code>java.nio</code> package, then
all non-ASCII characters will be represented using numeric character references. If the encoding is
not supported by the <code>java.io</code> package, then Saxon will revert to using UTF-8 as the actual output
encoding.</p>

<p>A list of the character encodings
supported in the <code>java.nio</code> package can be obtained by using the command
<code>java net.sf.saxon.charcode.CharacterSetFactory</code>,
with no parameters. Java does not provide any means of determining the list of encodings
supported by the <code>java.io</code> package.</p>

<p>On output, character encoding is a two stage process. Saxon itself has to decide whether a particular character
is supported by the chosen encoding. If not, it converts the character to a numeric character reference if it appears
in a context where this would be valid; otherwise (for example it it appears in an element name) it reports an error. Then
the character has to be converted to the appropriate sequence of bytes: this second stage is delegated to the Java VM.</p>

<p>For the first stage, Saxon handles certain encodings itself,
because this is more efficient and more reliable. If an encoding is used that is known to Java but not known
to Saxon, Saxon attempts to discover from the Java VM whether particular characters are encodable are not.
The encodings that Saxon recognizes directly (including synonyms) are
ASCII, US-ASCII, iso-646, iso646, iso-8859-1, ISO8859_1, iso-8859-2, ISO8859_2, 
iso-8859-5, ISO8859_5, iso-8859-7, ISO8859_7, iso-8859-8, ISO8859_8, iso-8859-9, ISO8859_9, 
UTF-8, UTF8, UTF-16, UTF16,
KOI8-R, Big5, SJIS, Shift_JIS, EUC_CN, GB2312, EUC-JP, EUC-KR
cp1250, windows-1250, cp1251, windows-1251, cp1252, windows-1252, cp852, windows-852.</p>


</page>

<page>

<h2 id="jaxp">JAXP 1.3 Conformance</h2>

<p>Saxon on the Java platform implements the JAXP 1.3 API. This is available as
a standard part of JDK 1.5 (also known as J2SE SDK 5.0), and is available as an optional package for use with
JDK 1.4.</p>

<p>Saxon implements the interfaces in the <code>javax.xml.transform</code> package in full, including support for
SAX, DOM, and Stream input, and SAX, DOM, and Stream output.</p>

<p>Saxon implements the XPath API (the interfaces in the <code>javax.xml.xpath</code> package) in full.
Note however that the <code>XPathException</code> exception used throughout Saxon is unrelated to the
class of the same name defined in the XPath API. The Saxon XPath API works with five object models: DOM,
JDOM, XOM, DOM4J, and the native Saxon object model. The URIs used to identify these object models are:</p>

<ul>
<li><p>http://java.sun.com/jaxp/xpath/dom</p></li>
<li><p>http://jdom.org/jaxp/xpath/jdom</p></li>
<li><p>http://www.xom.nu/jaxp/xpath/xom</p></li>
<li><p>http://www.dom4j.org/jaxp/xpath/dom4j</p></li>
<li><p>http://saxon.sf.net/jaxp/xpath/om</p></li>
</ul>

<p>The JAXP 1.3 XPath API is designed primarily for use with XPath 1.0. Saxon implements it with
XPath 2.0. This means that decisions were necessary on how to handle the richer set of return types
available with 2.0. If the return type requested is String, Number, or Boolean, then Saxon converts the
result to one of these types as if by using the XPath functions <code>string()</code>, <code>number()</code>,
or <code>boolean()</code>. Items after the first in the atomized sequence are discarded. If the return type
requested is <code>NODE</code>, Saxon returns the first item in the result sequence if it is a node, and reports
an error if it is an atomic value. If the result sequence is empty, it returns null. If the return type requested
is NODELIST, Saxon returns a Java List containing all the items in the sequence, whether they are nodes or not.
Nodes are returned using the native node object in the input data model, atomic values are returned using the
most appropriate Java class. Note that in the case of numeric results, it is not always easy to predict whether
the result will be a Long, a Double, or a BigDecimal, and it is advisable to cast the data to one of the numeric types
within the XPath expression to make the result predictable.</p>

<p>Saxon-SA also implements the JAXP 1.3 Validation API. This allows a schema to be parsed and validated,
and provides two mechanisms for validating a document against a schema: the <code>Validator</code>
and the <code>ValidatorHandler</code>.</p>

<p>There are some minor non-conformances in the Saxon implementation of this interface:</p>

<ul>
<li><p>The interface specification restricts the types of <code>Source</code> and <code>Result</code>
object that can be supplied to a <code>Validator</code>. Saxon does not enforce these restrictions, it
allows any kind of <code>Source</code> and <code>Result</code> that a <code>Transformer</code>
would accept.</p></li>
<li><p>Saxon's implementation of <code>ValidatorHandler</code> performs more buffering of events than
is permitted by the specification.</p></li>
<li><p>The method <code>isSpecified(int)</code> in the <code>TypeInfoProvider</code> always returns true.</p></li>
</ul>

<p>In addition, Saxon implements part of the <code>javax.xml.parsers</code> API.
Saxon no longer provides its own SAX parser,
however it does provide a <code>DocumentBuilder</code>.
The DOM interfaces are limited by the capabilities of the Saxon DOM, specifically the fact that
it is read-only. Nevertheless, the DocumentBuilder may be used to construct a Saxon tree, or to
obtain an empty Document node which can be supplied in a DOMResult to hold the result of a
transformation.</p>

</page>


</body>
</html>
