<?xml version="1.0" encoding="utf-8"?>
<html section="index" xmlns:xsi="http://www.w3.org/2001/XMLSchema-instance" xsi:noNamespaceSchemaLocation="file:///c:/MyJava/doc/saxon8/saxon-doc-schema.xsd">

<head>
<title>About SAXON</title>

</head>

<body>


<h1>About Saxon</h1>


<page>
<h2 id="intro">Introduction</h2>



<p>Release 8.9 is the latest milestone in Saxonica's implementation of the 
<a href="http://www.w3.org/TR/xpath20/">XPath 2.0</a>, 
<a href="http://www.w3.org/TR/xslt20/">XSLT 2.0</a>, and
<a href="http://www.w3.org/TR/xquery/">XQuery 1.0</a> specifications.
Ths is the first release to be made since the specifications became official
W3C Recommendations. It is fully conformant with the final version of the specs,
 providing all the mandatory features
of those specifications and nearly all the optional features.
For further details on conformance, see the <xref section="conformance">conformance</xref> page.</p>

<p>The main new feature in this release is the ability to compile XQuery queries into Java code. 
Because of the complexity of this feature, it should be treated as a beta release: all feedback is
welcome. It is hoped to extend the code generation capability to XSLT at some stage in the future.</p>

<p>This version is shipped simultaneously for the Java and .NET platforms.</p>

<p>Saxon is available in two versions (each of which is delivered on both Java and .NET platforms). 
Saxon-B is a non-schema-aware
processor, and is available as an open-source product, free of charge, from 
<a href="http://saxon.sourceforge.net/">SourceForge</a>. It is designed to conform to the
basic conformance level of XSLT 2.0, and the equivalent level of functionality in XQuery 1.0. 
Saxon-SA is the schema-aware version of the package, and is available as a commercially
supported product from <a href="http://www.saxonica.com/">Saxonica Limited</a>.
Licensing options are available to provide XSLT only, XQuery only, or schema validation
only, as well as a full license that gives access to all functionality.</p>

<p>This documentation covers all versions of the product, with differences noted where applicable.
For a summary of the differences, see <xref page="packages">Product Packages</xref>.</p>

<box>This documentation (including full API documentation for both the Java and .NET platforms)
is provided on the 
<a href="http://www.saxonica.com/">Saxonica</a> web site and is also available
for download either from <a href="http://sourceforge.net/project/showfiles.php?group_id=29872">SourceForge</a>
or from <a href="http://www.saxonica.com/download_page_fs.html">Saxonica</a>.
The download file is named <code>saxon-resources8-n.zip</code>, and is separate
from the software download. It includes documentation for both Saxon-B and Saxon-SA,
on both platforms. The file also includes sample applications and Saxon-B source code.</box>

<p><a href="../javadoc/index.html">JavaDoc API specifications</a> 
and <a href="../dotnetdoc/index.html">.NET API specifications</a> 
 are also available.</p> 

<p>A full <xref section="changes">change log</xref> is provided.</p> 

<p>Saxon 8.x has been used for production applications by many users. The code is proving
stable and reliable. Now that the specifications have reached Candidate Recommendation status,
the only further changes are likely to be minor corrections and clarifications issued as errata.
Saxon will implement any such changes so long as this can be done without impact on backwards
compatibility. Changes in each release are always described in
the <xref section="changes">change log</xref>.</p>

<p>If you are looking for an XSLT 1.0 or XPath 1.0 processor,
<a href="http://saxon.sourceforge.net/saxon6.5.5/">Saxon 6.5.5</a> remains available.
However, Saxon 8.x is capable of executing XSLT 1.0 stylesheets with identical results in
the vast majority of cases, so you may prefer to use the latest release.</p>

</page>

<page>
<h2 id="gettingstarted">Getting Started</h2>

<p>If you are new to Saxon or to Java or to XML, XSLT, and XQuery, this section provides
 a quick checklist of the things you need to do before you can run your first application.</p>

<p>First decide which platform you want to use. If you already use either the Java or .NET
platform, it's simplest to use the platform you are familiar with. If you don't use either
of these platforms, we recommend starting with Java as Saxon has been available on Java for longer
and this version is therefore better integrated and better documented. If you currently use both,
then the choice largely depends on what language you want to use to write your own applications.</p>

<subpageindex/>

<subpage id="gettingstartedjava" title="Getting started with Saxon on the Java platform">

<ol>
<li><p>Download the software (you will typically start with the open-source version) from
<a href="http://sourceforge.net/project/showfiles.php?group_id=29872">SourceForge</a>.
It will run on any machine that supports Java.</p></li>

<li><p>The software comes as a zip file. Unzip it into a suitable directory, for example
<code>c:\saxon</code>.</p></li>

<li><p>As a first-time user, you will probably want to install the sample applications.
These are packaged together with a copy of this documentation and Saxon-B source code
in the file <code>saxon-resources8-n.zip</code>. This can be downloaded from either the
SourceForge or Saxonica sites. (It is the same file in both cases). Unzip the contents
of this file into the same directory.</p></li>

<li><p>Make sure that a suitable Java JDK is installed on your machine. Saxon  
requires Java JDK 1.4 or later. If you have a choice, it is best to use JDK 1.5
(also known as J2SE 5.0),
since that includes the latest version of JAXP as standard, giving less scope for configuration
problems. If necessary, download
and install J2SE 5.0 from 
<a href="http://java.sun.com/javase/downloads/index.jsp">http://java.sun.com/javase/downloads/index.jsp</a></p></li>

<li><p>Make sure that all the necessary files are on your classpath - this is the list of resources
available to the Java VM. For details, see <xref page="installationjava">Installing (Java)</xref>.</p></li>

<li><p>If you are using Saxon-SA, the commercial schema-aware version of Saxon, you will need
to obtain a file containing a licence key. You can apply for a free 30-day license key by going to
<a href="http://www.saxonica.com/">www.saxonica.com</a> and clicking on "Evaluation Copy". The license
key file will be sent by email within 24 hours. This file, called <code>saxon-license.lic</code>,
must be placed in a directory that is listed on the Java classpath. Note that it is the directory
that must be on the classpath, not the <code>saxon-license.lic</code> file itself.</p></li>

<li><p>Saxon doesn't come with a graphical user interface: it's designed to be integrated into
other tools and applications. You will therefore start by using it from the operating system
command line. On Windows, you may want to install a text editor such as <code>jEdit</code>
that offers a more friendly command line than the standard DOS console provided by Microsoft.
However, if you're not comfortable running applications from the command line, you might like to try
the open-source <a href="http://sourceforge.net/projects/easytransformer">Kernow</a> product
from Andrew Welch.</p></li>

</ol>

<p>You can now run one of the sample stylesheets or queries that comes with in the 
<code>saxon-resources</code> download.
Assuming you installed into <code>c:\saxon</code>, make this your current directory, and type:</p>

<p><i>for XSLT (all on one line):</i></p>

<example>java -jar saxon8.jar -t samples\data\books.xml 
     samples\styles\books.xsl >c:\temp.html</example>

<p><i>for XQuery (all on one line):</i></p>

<example>java -cp saxon8.jar net.sf.saxon.Query -t -s 
     samples\data\books.xml samples\query\books-to-html.xq >c:\temp.html</example>

<p>Now open <code>c:\temp.html</code> in your browser to check that it worked.</p>

<p>For more details on installing Saxon on the Java platform, see 
<xref page="installationjava">Installing (Java)</xref></p>

</subpage>

<subpage id="gettingstarteddotnet" title="Getting started with Saxon on the .NET platform">

<ol>
<li><p>Download the software (you will typically start with the open-source version) from
<a href="http://sourceforge.net/project/showfiles.php?group_id=29872">SourceForge</a>.
It is designed to be used with .NET version 1.1 from Microsoft and has also been used successfully
with .NET version 2.0. It has not been tested with the Mono platform.</p></li>

<li><p>The software comes as a zip file. Unzip it into a suitable directory, for example
<code>c:\saxon</code>.</p></li>

<li><p>As a first-time user, you will probably want to install the sample applications.
These are packaged together with a copy of this documentation and Saxon-B source code
in the file <code>saxon-resources8-n.zip</code>. This can be downloaded from either the
SourceForge or Saxonica sites. (It is the same file in both cases). Unzip the contents
of this file into the same directory.</p></li>

<li><p>Make sure that .NET version 1.1 is installed on your machine. This is available as
a free download from Microsoft. See 
<a href="http://msdn.microsoft.com/netframework/downloads/framework1_1/">http://msdn.microsoft.com/netframework/downloads/framework1_1/</a>.</p></li>

<li><p>If you are using Saxon-SA, the commercial schema-aware version of Saxon, you will need
to obtain a file containing a licence key.</p>
   <ol>
   <li><p>Apply for a free 30-day license key by going to
<a href="http://www.saxonica.com/">www.saxonica.com</a> and clicking on "Evaluation Copy". 
Be sure to specify that you want a license key for the .NET platform.</p></li>
   <li><p>The license
key file will be sent by email within 24 hours. This file, called <code>saxon-license.xml</code>,
should be placed in the directory containing the Saxon .dll files: for example 
<code>c:\saxon\bin</code></p></li>
   <li><p>Create an environment variable named <code>SAXON_HOME</code> whose value is set
   to the name of this directory. You can do this within any command script used to run Saxon
   (<code>set SAXON_HOME=c:\saxon\bin</code>), or you can set the environment variable permanently
   using <code>Control Panel / System / Advanced / Environment Variables</code>. (It can be either
   a user variable or a system variable).</p></li>
   </ol> 
</li>
<li><p>Saxon doesn't come with a graphical user interface: it's designed to be integrated into
other tools and applications. You will therefore start by using it from the operating system
command line. On Windows, you may want to install a text editor such as <a href="http://www.ultraedit.com/">UltraEdit</a>
that offers a more friendly command line than the standard DOS console provided by Microsoft.</p></li>

</ol>

<p>You can now run one of the sample stylesheets or queries that comes with the 
<code>saxon-resources</code> download.
Assuming you installed into <code>c:\saxon</code>, make this your current directory, and type:</p>

<p><i>for XSLT (all on one line):</i></p>

<example>bin\Transform -t samples\data\books.xml 
     samples\styles\books.xsl >c:\temp.html</example>

<p><i>for XQuery (all on one line):</i></p>

<example>bin\Query -t -s 
     samples\data\books.xml samples\query\books-to-html.xq >c:\temp.html</example>

<p>Now open <code>c:\temp.html</code> in your browser to check that it worked.</p>

<p>For more complete details on installing Saxon on the .NET platform, 
see <xref page="installingdotnet">Installing (.NET)</xref></p>

</subpage>

</page>

<page>
<h2 id="whatis">What is Saxon?</h2>


<p>The Saxon package is a collection of tools for processing XML documents. The main components
are: </p>

<ul>
<li><p>An XSLT 2.0 processor, which can be used from the command line, or invoked from
an application, using a supplied API. This can also be used to run XSLT 1.0 stylesheets.</p></li>

<li><p>An XPath 2.0 processor accessible to applications via a supplied API.</p></li>

<li><p>An XQuery 1.0 processor that can be used from the command line, or invoked from
an application by use of a supplied API.</p></li>

<li><p>An XML Schema 1.0 processor. This can be used on its own to validate a schema for correctness,
or to validate a source document against the definitions in a schema. It is also used to support the schema-aware
functionality of the XSLT and XQuery processors. Like the other tools, it can be run from the command line,
or invoked from an application.</p></li>

<li><p>On the Java platform, when using XSLT, XPath, or XML schema validation, the API supported
by Saxon is the JAXP API, which means it is possible for a Java application
to switch between different XSLT, XPath, and XML Schema processors without changing the application code.
At the time of writing, however, Saxon is still the only JAXP implementation that offers
support for XSLT 2.0.  Saxon offers two APIs for XQuery processing: its own native API, which
has been present in the product for some time, and an early implementation of the XQJ
specification which is under development as part of the Java Community Process.</p></li>

<li><p>On the .NET platform, Saxon offers an API that enables close integration with other
services available from .NET, notably the XML-related classes in the <code>System.Xml</code>
namespace. It isn't possible to use Saxon as a transparent plug-in replacement for the <code>System.Xml.Xsl</code>
processor, because the API for the Microsoft engine using concrete classes rather than abstract
interfaces. However, it is possible to use it as a functional replacement with minor changes
to your application code.</p></li>

</ul>

<p>Saxon implements XSLT 2.0, XPath 2.0, and XQuery 1.0
as defined in the final Recommendations of 23 January 2007. 
It also includes an implementation of the XML Schema 1.0 Recommendation.</p>


<p>Full details of Saxon's conformance to the specifications are provided in the 
<xref section="conformance">Conformance</xref> section.</p>

<p>In addition, Saxon provides an extensive library 
of <xref section="extensions">extensions</xref>,
 all implemented in conformance with the XSLT and XQuery Recommendations to ensure that 
portable stylesheets and queries can be written. These include the <a href="http://www.exslt.org/">EXSLT</a>
extension libraries <b>common</b>, <b>sets</b>, <b>math</b>, and <b>dates-and-times</b>.
Many of these extensions were pioneered in Saxon and have since become available
in other products.</p>

<p>These extension functions are in general accessible from XQuery and XPath as well as XSLT,
except where they depend on stylesheet information. Some extensions are available in
Saxon-SA only.</p>


</page>

<page >
<h2 id="packages">Choosing a software package</h2>

<p>Saxon is distributed in two packages: Saxon-B and Saxon-SA, 
each of which is available for both the Java and .NET platforms. Saxon-B is available under an open-source
license and all its features are available to all users. Saxon-SA requires activation by a license key, and it
is possible to purchase various subsets of the functionality. These are summarized in the table below.</p>



<table>
<thead>
<tr>
<td><p>Feature</p></td>
<td><p><b>Saxon-B</b></p></td>
<td colspan="4"><p><b>Saxon-SA</b></p></td>
</tr>
<tr>
<td><p></p></td>
<td><p>all</p></td>
<td><p>SA001 (Full)</p></td>
<td><p>SA030 (XSLT)</p></td>
<td><p>SA040 (XQuery)</p></td>
<td><p>SA050 (Schema)</p></td>
</tr>
</thead>
<tbody>

<tr>
<td><p>Basic XSLT</p></td>
<td><p>yes</p></td><td><p>yes</p></td><td><p>yes</p></td><td><p>yes</p></td><td><p>yes</p></td>
</tr>

<tr>
<td><p>Basic XQuery</p></td>
<td><p>yes</p></td><td><p>yes</p></td><td><p>yes</p></td><td><p>yes</p></td><td><p>yes</p></td>
</tr>

<tr>
<td><p>Schema-Aware XSLT</p></td>
<td><p>no</p></td><td><p>yes</p></td><td><p>yes</p></td><td><p>no</p></td><td><p>no</p></td>
</tr>

<tr>
<td><p>Schema-Aware XQuery</p></td>
<td><p>no</p></td><td><p>yes</p></td><td><p>no</p></td><td><p>yes</p></td><td><p>no</p></td>
</tr>

<tr>
<td><p>Schema Validation</p></td>
<td><p>no</p></td><td><p>yes</p></td><td><p>yes</p></td><td><p>yes</p></td><td><p>yes</p></td>
</tr>

<tr>
<td><p>Java Code Generation</p></td>
<td><p>no</p></td><td><p>yes</p></td><td><p>no</p></td><td><p>yes</p></td><td><p>no</p></td>
</tr>

<tr>
<td><p>Advanced Extension Functions (see Note 1)</p></td>
<td><p>no</p></td><td><p>yes</p></td><td><p>yes</p></td><td><p>yes</p></td><td><p>no</p></td>
</tr>

<tr>
<td><p>Advanced Optimizer (see Note 2)</p></td>
<td><p>no</p></td><td><p>yes</p></td><td><p>yes</p></td><td><p>yes</p></td><td><p>no</p></td>
</tr>

<tr>
<td><p>Serial Processing of Large Documents</p></td>
<td><p>no</p></td><td><p>yes</p></td><td><p>yes</p></td><td><p>no</p></td><td><p>no</p></td>
</tr>

<tr>
<td><p>Binary Document Storage (PTree)</p></td>
<td><p>no</p></td><td><p>yes</p></td><td><p>yes</p></td><td><p>yes</p></td><td><p>no</p></td>
</tr>

</tbody>
</table>

<p><b>Note 1:</b> Extension functions in this category include <code>saxon:try()</code>, which provides
the ability to catch run-time errors; <code>saxon:function()</code> which provides higher-order functions;
<code>saxon:analyze-string()</code> and <code>saxon:for-each-group()</code> which provide XQuery users
with an equivalent to the <code>xsl:analyze-string</code> and <code>xsl:for-each-group</code> instructions
in XSLT; and <code>saxon:index()</code> and <code>saxon:find()</code> which provide a "manual" indexing
capability for XQuery, similar to the <code>xsl:key</code> construct in XSLT.</p>

<p><b>Note 2:</b> Saxon-B always implements joins using a nested-loop strategy, which takes increasingly
long as the documents become larger. Saxon-SA where possible uses a hash-join algorithm. This applies whether
the join is expressed as a path expression, an XQuery FLWOR expression, or a nested set of <code>xsl:for-each</code>
instructions in XSLT. In some of the queries in the XMark benchmark, the effect is to reduce query time on a
10Mb source document from 16 seconds to 45 milliseconds.</p>

<p>For some of these products, it is also possible for existing users to purchase an upgrade license.</p>

<p>For product prices, see the <a href="http://www.saxonica.com/erol/erol.html">online store</a>.</p>

</page>

<page>
<h2 id="installationjava">Installation: Java platform</h2>

<p>This section explains in more detail how to install Saxon on the Java platform.</p>

<subpageindex/>

<subpage id="prerequisites" title="Prerequisites">

<p>The following software must be installed separately, it is not included with the Saxon download.</p>

<ul>
  <li><p>To run Saxon you need at least a Java VM, and preferably a Java development environment. 
  Saxon 8.x will run with either JDK 1.4 (properly the Java 2 platform, Standard Edition, v1.4)
  or JDK 1.5 (properly the Java 2 Platform, Standard Edition 5.0). Saxon also runs under JDK 1.6.</p></li>

  <li><p>Saxon implements APIs defined in JAXP 1.3 (JAXP is the Java API for XML Processing). JAXP 1.3
  is a standard component in JDK 1.5, but if you are using JDK 1.4, it must be installed separately.
  For licensing reasons the JAXP package is not included in the Saxon distribution; instead you must
  download it separately from <a href="https://jaxp.dev.java.net/">https://jaxp.dev.java.net/</a>.
  This download includes two JAR files, <code>jaxp-api.jar</code> and <code>dom.jar</code>, which
  must be present on the classpath when running Saxon. Note that this means you cannot invoke Saxon
  using the <code>-jar</code> option, since this requires all files to be present in a single JAR archive,
  and ignores the CLASSPATH setting.</p>

  <p>Most XSLT and XQuery functionality in Saxon will work without installing JAXP 1.3. You need
  to install it if you are using DOM interfaces; if you are using the JAXP XPath API; or if you are using
  the JAXP schema validation API (applies to Saxon-SA only).</p>

  <box>The packaging of Saxon-SA changed in Saxon 8.9 to allow schema-aware processing to
  work on JDK 1.4 without the need to install JAXP 1.3 (unless you are actually using the JAXP API).
  This was achieved by separating the JAXP-dependent code into a separate JAR file, saxon8sa-jaxp.jar.
  As part of this change, some JAXP-related classes were moved to a different package.</box>
 
 <ul>   
  <li><p>Saxon has an option to work with a source tree constructed using
   <a href="http://www.jdom.org/">JDOM</a>. Saxon is validated with
   JDOM 1.0, which has been stable since September 2004; it should not be used with earlier JDOM releases. 
   To use Saxon with JDOM, you need to add <code>jdom.jar</code> and <code>saxon8-jdom.jar</code> to your CLASSPATH.</p></li>
   
   <li><p>Saxon also has an option to work with a source tree constructed using
   <a href="http://www.xom.nu/">XOM</a>. Saxon is tested with XOM 1.1, though
   it will probably still work with other recent releases.
   To use Saxon with XOM,
   you need to add <code>xom-1.1.jar</code> and <code>saxon8-xom.jar</code> to your CLASSPATH.</p></li>  

   <li><p>Saxon also has an option to work with a source tree constructed using
   <a href="http://www.dom4j.org/">DOM4J</a>. Saxon is tested with DOM4J 1.6.1.
   To use Saxon with XOM,
   you need to add <code>dom4j-1.6.1.jar</code> and <code>saxon8-dom4j.jar</code> to your CLASSPATH.</p></li>  
</ul>

</li></ul>

<p>By default Saxon uses an XML parser that supports the SAX2 interface. Saxon has been tested 
 successfully in the past with a wide variety of such parsers including
 Ælfred, Xerces, Lark, SUN Project X, Crimson, Piccolo, Oracle XML, xerces, xml4j, and xp. By default, however,
 it uses the parser that comes with the Java platform (this is Crimson in the case of JDK 1.4, 
 Xerces in the case of JDK 1.5). The parser must
 be SAX2-compliant. All the relevant JAR files must be installed on your Java CLASSPATH.</p>

<p>Earlier releases of Saxon included a version of the Ælfred XML parser. This version is no longer bundled with the
Saxon distribution on Java platforms, because JDK 1.4 now includes an XML parser as standard. 
However the Saxon version of the Ælfred XML parser remains
available as a separate download from
 <a href="http://sourceforge.net/project/showfiles.php?group_id=29872&amp;package_id=66578">the Saxon site at SourceForge.</a>
 (Note that this version is not identical to the one that is included in GNU Classpath, which now forms
 part of the Saxon distribution on the .NET platform).</p>
 
<p>Saxon's DOM interface has been tested with the Crimson parser included as standard in
Sun's JDK 1.4 platform and with the Xerces DOM implementation included in JDK 1.5. It has also been used successfully
with other DOM implementations such as Oracle's, though it is not routinely tested in this environment.</p>

<p>Saxon will also work with a StAX parser. Generally speaking, StAX parsers are currently less
mature than SAX parsers, and any performance advantage is likely to be very minor. However, the support for StAX
provides the ability to supply input via a customized pull pipeline. Saxon is tested with Woodstox 3.0.0.
Saxon's schema validation is available only with a SAX2 parser.</p>
 
</subpage>



<subpage id="licensekey" title="Obtaining a license key">

<p>The open-source Saxon-B product does not require any license key. For Saxon-SA, however,
you need to obtain a license key from Saxonica. You can order a free license key for a 30-day
evaluation, or purchase an unrestricted license key, from the <a href="http://www.saxonica.com/">Saxonica</a>
web site.</p>

<p>You need to specify when ordering a license key that you intend to use Saxon on the Java platform, 
because the license keys are not compatible between the two platforms.</p>

<p>The license key will arrive in the form of a file named <code>saxon-license.lic</code> attacted
to an email message. You need to copy the file into a directory that is listed on your Java classpath.
Note that it is the directory that must be on the classpath, not the <code>saxon-license.lic</code>
file itself. Remember also that when you use a command in the form <code>java -jar saxon8.jar</code>,
the Java VM does not search the classpath, so the license key will not be found. You need to use the
full form of the relevant command, for example <code>java com.saxonica.Transform</code>.</p>

<p>If you acquire Saxon-SA as a component of an application with which it has been integrated, the
application may activate the software automatically using an OEM license key. In this case you do
not need to acquire an individual license key of your own.</p>


</subpage>

<subpage id="licensefaq" title="Troubleshooting license key problems">

<p>If you are having trouble running Saxon-SA for the first time, here is a list of the
most common problems:</p>

<p><i>These all relate specifically to the Java platform.</i></p>

<ul>

<li><p><b>Don't use the <code>-jar</code> option on the command line.</b> When Java applications
are run using the <code>-jar</code> option, the classpath is ignored, and this means that the
license key won't be found. Use the <code>-cp</code> option instead.</p></li>

<li><p><b>The classpath must include the directory containing the license file.</b> Don't include
the filename of the license file, only the directory in which it is held. If you spell a filename
incorrectly, you won't get an error message, the entry is simply ignored.</p></li>

<li><p><b>Remember to request schema-aware processing.</b> Use the <code>-sa</code> option on the
command line if your stylesheet or query is schema-aware. If you don't, you'll get an error message
saying that you need the schema-aware version of Saxon (even though that's what you loaded, you're
running it in non-schema-aware mode.)</p></li>

</ul>

<p>And some less common problems:</p>

<ul>

<li><p><b>Check that the filename is <code>saxon-license.lic</code></b>. Some mail systems, notably Yahoo, 
have been known to change the hyphen to an underscore in transit.</p></li>

<li><p><b>If Saxon says the license key is invalid</b> then it probably is. Very occasionally a license file
gets corrupted in transit. Please ask for another copy (or we might issue you a new license).</p></li>
</ul>

</subpage>


<subpage id="installingjava" title="Installing the software">

<p>An index of all currently-available open-source versions of Saxon is on 
<a href="http://sourceforge.net/project/showfiles.php?group_id=29872">the download page at SourceForge</a></p>

<p>For the Saxon-SA product, please follow the download links from
 <a href="http://www.saxonica.com/">http://www.saxonica.com/</a></p>

<box>Please see the <xref section="changes">change log</xref> for
details of all changes in this release.</box>

<p>Installation of Saxon simply involves unzipping the supplied download file into a
suitable directory. The procedure is the same for the Basic product and the Schema-Aware
product.
</p>

<p>One of the files that will be created in this directory is the principal JAR file. This is
<b>saxon8.jar</b> in the case of Saxon-B, <b>saxon8sa.jar</b> in the case of Saxon-SA. (The Saxon-SA product
includes a copy of <code>saxon8.jar</code> for completeness, but it is not needed, because <code>saxon8sa.jar</code>
includes all the files in <code>saxon8.jar</code> as a subset).</p>

<p>There are additional JAR files to support optional features including the JDOM interface and the SQL
interface. When running Saxon, the principal JAR file should be on the class path. The class path
is normally represented by an environment variable named CLASSPATH: see your Java documentation
for details. Note that the JAR file itself (not the directory that contains it) should be named on the class path.</p>

</subpage>
<subpage id="jarfiles" title="JAR files included in the product">

<p>The full list of JAR files in the Saxon distribution is as follows:</p>

<table>
<thead>
<tr><td width="30%"><p><b>JAR file</b></p></td><td><p><b>Contents</b></p></td></tr>
</thead>
<tbody>

<tr><td valign="top"><p>saxon8.jar</p></td><td><p>Basic XSLT 2.0 and XQuery 1.0 processor. Includes the command line
interfaces and the JAVA APIs; also includes a standalone XPath API that doesn't depend on JAXP 1.3.</p></td></tr>

<tr><td valign="top"><p>saxon8sa.jar</p></td><td><p>Schema-aware XSLT 2.0 and XQuery 1.0 processor, and XML Schema
processor. Includes the whole of saxon8.jar, plus additional classes to perform schema processing and
schema-aware XSLT and XQuery processing. Provided in the Saxon-SA product only.</p></td></tr>

<tr><td valign="top"><p>saxon8-ant.jar</p></td><td><p>An early release of an Ant task designed for running XSLT
transformations using Saxon, providing more control over Saxon options (for example, schema-aware processing)
than the standard <code>xslt</code> task in Ant. (This is a completely freestanding component.)</p></td></tr>

<tr><td valign="top"><p>saxon8-dom.jar</p></td><td><p>Provides additional classes enabling Saxon to be used with the DOM
Document Object Model. Supports using a DOM as the input or output of transformations and queries, and
calling extension functions that use DOM interfaces to access a Saxon tree structure. Requires
DOM level 3 (dom.jar, part of JAXP 1.3) to be on the classpath, if not running under JDK 1.5.</p></td></tr>

<tr><td valign="top"><p>saxon8-xom.jar</p></td><td><p>Provides additional classes enabling Saxon to be used with XOM trees.
Supports using a XOM document as the input or output of transformations and queries.
Requires xom-1.1.jar on the classpath.</p></td></tr>

<tr><td><p>saxon8-jdom.jar</p></td><td><p>Provides additional classes enabling Saxon to be used with JDOM trees.
Supports using a JDOM document as the input or output of transformations and queries.
Requires jdom.jar on the classpath.</p></td></tr>

<tr><td><p>saxon8-dom4j.jar</p></td><td><p>Provides additional classes enabling Saxon to be used with JDOM trees.
Supports using a JDOM document as the input or output of transformations and queries.
Requires dom4j-1.6.1.jar on the classpath.</p></td></tr>

<tr><td valign="top"><p>saxon8-xpath.jar</p></td><td><p>Provides support for the JAXP 1.3 XPath API. Requires the JAXP 1.3
version of jaxp-api.jar on the classpath, if not running under JDK 1.5.</p></td></tr>

<tr><td valign="top"><p>saxon8-xqj.jar</p></td><td><p>Provides support for the early access version
of the XQJ interface for XQuery applications. The JAR file includes the XQJ interface definitions,
renamed to place them in the package <code>net.sf.saxon.javax.xml.xquery</code> to avoid any
compatibility problems with other XQJ versions. The JAR file also includes the Saxon classes that implement
the XQJ interfaces. This JAR file is needed only if your application is using XQJ interfaces,
and it has no additional dependencies. However, Saxon does not include XQJ documentation and you
will need to obtain this separately: see the JSR 225 Early Draft Review 2 documentation available from
<a href="http://jcp.org/en/jsr/detail?id=225">http://jcp.org/en/jsr/detail?id=225</a>.
Please note that these interfaces are subject to change.</p></td></tr>

<tr><td valign="top"><p>saxon8sa-jaxp.jar</p></td><td><p>Part of Saxon-SA only. 
Provides support for the JAXP 1.3 Validation API. Requires the JAXP 1.3
version of jaxp-api.jar on the classpath, if not running under JDK 1.5.</p></td></tr>

<tr><td valign="top"><p>saxon8sa-qc.jar</p></td><td><p>Part of Saxon-SA only. 
Provides support Java code generation: that is, it translates an XQuery query into Java source code,
which can then be compiled and executed in the same way as any other Java program.</p></td></tr>

<tr><td valign="top"><p>saxon8-sql.jar</p></td><td><p>Supports XSLT extensions for accessing and updating a relational
database from within a stylesheet.</p></td></tr>
</tbody>
</table>

<p>When running any Java application, Saxon included, all Java classes that are needed must be present on the
CLASSPATH. The classpath can be set in the form of an environment variable, or it can be included in the <code>java</code>
command that invokes the application.</p>

<p>The classpath is written as a list of filenames. These will either be the names of directories (folders) that contain relevant
classes, or the names of JAR files containing the classes. On Windows, the names in the list are separated by semicolons.</p>

<p>The table above lists the JAR files provided with Saxon that you may need to include on your classpath. In addition,
you may need to include some of the following resources:</p>

<table>
<thead><tr><td><p><b>Resource</b></p></td><td><p><b>Description</b></p></td></tr></thead>
<tbody>

<tr><td valign="top"><p>saxon-license.lic</p></td><td><p>License file. This is needed only for running Saxon-SA. The license file is
obtained when you purchase Saxon-SA or when you apply for an evaluation license. Note that the classpath
must contain the directory in which the <code>saxon-license.lic</code> file is installed; it should not contain the
license file itself.</p></td></tr>

<tr><td valign="top"><p>jaxp-api.jar and dom.jar</p></td>
<td><p>These two files implement parts of JAXP 1.3 that Saxon uses. They 
are not needed when you run Saxon under JDK 1.5, as the required classes are then included in the standard Java run-time. They
are needed, however, if you run Saxon under JDK 1.4. These two JAR files are not included in the
Saxon distribution because of licensing restrictions. Instead, they must be downloaded from
<a href="https://jaxp.dev.java.net/">https://jaxp.dev.java.net/</a>. The jaxp-api.jar file is needed when
you use the JAXP XPath API or the JAXP schema validation API. The file dom.jar is needed if your application uses DOM
interfaces. Neither is needed for running straightforward queries or transformations.</p></td></tr>

</tbody></table>

<p>From Saxon 8.7 onwards, source code and documentation is no longer included in the same download file
as the executable code and sample files. Instead, it can be downloaded separately. The documentation is
also available online.</p>

<p>The source code for Saxon-B (on both the Java and .NET platforms) is available in the package
 <code>saxon-resources-8.x</code> from either the SourceForge or the Saxonica sites. 
 Note that it is not necessary to download or 
 recompile the source code unless you need to make changes.
The modules included in the source code are
also used, without modification, in the schema-aware product. Source code for the additional components of the
schema-aware Saxon-SA product is not provided. The source code is the same between the Java and .NET platforms:
both products are generated from the same source, though there are some modules that apply only to one
platform or the other. There are no build scripts provided for rebuilding the product from source code, because
most users find it convenient to use their Java IDE for this purpose.</p>
 
<p>User documentation (this documentation, together with API specifications for the Java and .NET products) is also
available for download from the SourceForge site. The download package contains exactly the same information as the documentation section of
the Saxonica website. It also contains this documentation in its original XML form, together with the schemas
and stylesheets used to publish it. Note that online documentation is available only for the current Saxon version;
older versions can be downloaded from SourceForge.</p>


</subpage>

</page>

<page>
<h2 id="installationdotnet">Installation: .NET platform</h2>

<p>This section explains in more detail how to install Saxon on the .NET platform.</p>

<p>The source code of Saxon is written in Java. The version of the product that runs on the .NET platform
has been produced by cross-compiling the Java bytecode into CIL code, which is then packaged as a
.NET assembly. The code of course makes many calls on classes provided by the Java run-time library. On the
.NET platform, some of these are provided by the GNU Classpath product: Saxon comes with a version of
the GNU Classpath library, itself cross-compiled as a .NET assembly. Other run-time services are obtained
from the .NET platform itself. These include XML parsing, handling of URI resolution, internationalized
collation support, and support for regular expression processing. Saxon-SA also uses the cryptographic services
of the .NET platform for license key verification. It is largely transparent to the user 
which services are obtained from GNU Classpath and which from .NET native classes; however, the differences
can sometimes become apparent when these services are configured and customized.</p>

<p>For more information about Saxon on the .NET platform, see <xref section="dotnet">Saxon on .NET</xref>.</p>

<subpageindex/>

<subpage id="netprerequisites" title="Prerequisites: .NET platform">





<p>The following software must be installed separately, it is not included with the Saxon download.</p>

<ul>
  <li><p>To run Saxon you need to install the .NET platform, version 1.1.</p></li>
  <li><p>Alternatively, it has been reported that Saxon runs without problems on .NET version 2.0,
      but this platform has not been extensively tested.</p></li>
</ul>


<p>Because Saxon is run from the command line, you might find it useful (under Microsoft Windows)
 to have a text editor
with better command-line support than the standard DOS window. 
I use <a href="http://www.ultraedit.com">UltraEdit</a>.</p>


</subpage>



<subpage id="installingdotnet" title="Installing the software">

<p>The software is issued in the form of a ZIP file: all you need to do is to create a suitable directory
(perhaps <code>c:\saxon</code>) and unzip the supplied file.</p>

<p>The executable software will then be installed in the folder <code>c:\saxon\bin</code>. The main components
are as follows:</p>

<table>
<thead>
<tr><td width="30%"><p><b>File</b></p></td><td><p><b>Contents</b></p></td></tr>
</thead>
<tbody>
<tr><td valign="top"><p>saxon8.dll</p></td><td><p>Basic XSLT 2.0 and XQuery 1.0 processor.</p></td></tr>
<tr><td valign="top"><p>saxon8sa.dll</p></td><td><p>Schema-aware XSLT 2.0 and XQuery 1.0 processor, and XML Schema
processor. Provided in the Saxon-SA product only. This assembly contains the additional components needed
to make Saxon schema-aware; it relies on <code>saxon8.dll</code> for the basic functionality.</p></td></tr>
<tr><td valign="top"><p>saxon8api.dll</p></td><td><p>Provides classes implementing Saxon's .NET API</p></td></tr>
<tr><td valign="top"><p>Transform.exe</p></td><td><p>Command line entry-point for XSLT transformation</p></td></tr>
<tr><td valign="top"><p>Query.exe</p></td><td><p>Command line entry-point for XQuery evaluation</p></td></tr>
<tr><td valign="top"><p>Validate.exe</p></td><td><p>Command line entry-point for XML Schema validation</p></td></tr>
<tr><td valign="top"><p>IKVM.Runtime.dll</p></td><td><p>Run-time library for the IKVM cross-compiler</p></td></tr>
<tr><td valign="top"><p>IKVM.GNU.Classpath.dll</p></td><td><p>GNU implementation of the Java class library</p></td></tr>
</tbody>
</table>

<p>To develop your own applications, you will want to register the Saxon DLL assemblies in the Global Assembly
Cache. To assist in this, a script is provided in the same directory, called <code>install-gac.cmd</code>.</p>

<p>It is useful to set the environment variable <code>SAXON_HOME</code> to the directory in which Saxon is installed
(<code>c:\saxon</code> in our example). This is used (a) when locating the Saxon-SA license key (see 
<xref subpage="licensekey">Obtaining a license key</xref>) and (b) by some of the sample applications.</p>

<p>It is also useful to add the <code>/bin</code> subdirectory to the <code>PATH</code> environment variable.
This enables you to use the commands <code>Transform</code>, <code>Query</code>, and <code>Validate</code> without
identifying their location explicitly.</p>

<p>Unless you want to use different versions of Saxon in different applications, it is simplest to make these
permament settings. Go to <code>Control Panel / System / Advanced / Environment Variables</code>. If Saxon
is used by multiple users, add a system environment variable <code>SAXON_HOME</code>; if there is a single user, make
it a user environment variable. At the same time, edit the value of the existing <code>PATH</code> variable.
You may need to restart applications for the settings to take effect.</p>

<p>If you are new to the product, you will probably want to download the 
<xref subpage="samples">sample C# applications</xref>.</p>

</subpage>

<subpage id="netlicensekey" title="Obtaining a license key">

<p>The open-source Saxon-B product does not require any license key. For Saxon-SA, however,
you need to obtain a license key from Saxonica. You can order a free license key for a 30-day
evaluation, or purchase an unrestricted license key from the <a href="http://www.saxonica.com/">Saxonica</a>
web site.</p>

<p>You need to specify when ordering a license key that you intend to use Saxon on the .NET platform, 
because the license keys are not compatible between the two platforms.</p>

<p>The license key will arrive in the form of a file named <code>saxon-license.xml</code> attached
to an email message. You need to copy the file into the <code>/bin</code> directory containing the Saxon
DLLs.</p>

<p>So that Saxon can find the license key, you need to set the environment variable <code>SAXON_HOME</code>
to the directory where Saxon is installed: for example <code>set SAXON_HOME=c:\saxon</code>. </p>

<!--<p>If you acquire Saxon-SA as a component of an application with which it has been integrated, the
application may activate the software automatically using an OEM license key. In this case you do
not need to acquire an individual license key of your own.</p>-->


</subpage>

<subpage id="samples" title="Sample applications">

<p>Saxon on .NET is distributed with a number of sample applications. These are issued 
(together with Saxon-B source
code and documentation) in a separate download file <code>saxon-resources8-n.zip</code>, available
from both the SourceForge and Saxonica web sites. Once this is unzipped, the sample applications
can be found in the directory <code>/samples</code>. They are described <xref section="samples">here</xref>.</p>

<p>Many of the samples are equally applicable to the Java and .NET platforms. However, there are four
programs in the <code>/samples/cs</code> directory that are specifically designed to illustrate ways of
using the <code>Saxon.Api</code> interface. This interface is exclusive to the .NET product, and is
described in more detail in <xref section="dotnet" page="dotnetapi">Saxon API for .NET</xref>.
These sample applications are described in 
<xref section="samples" page="dotnetsamples">Example applications for .NET</xref>.</p>

<p>The samples directory also includes C# test drivers for running the W3C test suites for XSLT and XQuery
(the XSLT suite is currently available only to W3C members). These programs may need some minor adjustment to
make them run in a different environment from that in which they were developed.</p>

</subpage>


</page>



<page>
<h2 id="historical">Historical Note</h2>

<p>Saxon has been under development since 1998. Almost all the code was written by
one person, Michael Kay, which has resulted in a high level of design integrity.</p>

<p>Saxon was originally written to support an internal project in ICL (now part of <a href="http://www.fujitsu.com">Fujitsu</a>),
and ICL continued to sponsor development of Saxon until Michael Kay left the company 
in January 2001. ICL chose not to market it as a commercial product, but to make the code available to the public
under the Mozilla public license. From 2001 through 2003 Michael Kay worked
for <a href="http://www.softwareag.com">Software AG</a>, who continued
to sponsor the development of Saxon as an open source product.</p>

<p>In March 2004 Michael Kay founded <a href="http://www.saxonica.com/">Saxonica Limited</a> to provide
ongoing development and support of Saxon as a commercial venture. Saxonica continues to
develop the basic (non-schema-aware) version of Saxon as an open source product, while at the same
time delivering professional services and additional software (including a schema-aware processor)
as commercial offerings. The commercial product incorporates the code of the open-source product
in its entirety, with the addition of schema-processing technology, and is produced in accordance with the provisions
defined by the Mozilla Public License.</p>

<p>The port of Saxon to the .NET platform was pioneered by Pieter Siegers Kort and M. David Peterson, without
any involvement from Saxonica. The port was absorbed into the Saxonica product line from Saxon 8.7 onwards.
The Saxonica product uses the same approach as the previous Saxon.NET product
for cross-compiling the code into CIL assemblies. In addition, however, it includes a new .NET API
for use by C# and other .NET applications, and makes much greater use of .NET services such as
collations and regular expression processing. This integration was done by Saxonica with generous
assistance from M. David Peterson. The project would not have been possible without the IKVMC
cross-compilation technology developed by Jeroen Frijters, as well as the GNU Classpath developed
by a large team of individual enthusiasts.</p>

<p><i>It is unfortunately not possible to release Saxon under any license other than the Mozilla Public License.
This is because it is not practically feasible to obtain the necessary permission from all the people who originally 
agreed to the release of code under the MPL.</i></p>

<p>The name Saxon was chosen because originally it was a layer on top of SAX. Also, it originally used
the Ælfred parser (among others); Ælfred of course was a Saxon king...</p>



</page>

<page>
<h2 id="support">Technical Support</h2>

<p><i>This information applies primarily to the open-source product.</i></p>

<p>Please read the <xref section="conditions">Conditions of Use</xref>.</p>

<p>The open-source Saxon-B product comes with no warranty and no formal technical support service.</p>

<subpageindex/>

<subpage id="forum" title="Lists and forums for getting help">

<p>If you have questions you can usually get an answer by raising them on the Saxon
discussion list at <a href="https://lists.sourceforge.net/lists/listinfo/saxon-help">http://lists.sourceforge.net/lists/listinfo/saxon-help</a>.</p>

<p>Once registered, you can post messages to <a href="mailto:saxon-help@lists.sourceforge.net">saxon-help@lists.sourceforge.net</a>.</p>

<p>Alternatively, you can also use the saxon-help forum on the SourceForge project site. Saxonica monitors
both; however, if you want to get input from other Saxon users, the mailing list is usually more
effective. You can also use the support-requests tracker on SourceForge; unlike the forum, this
allows attachments to be uploaded.</p>

<p>If the query relates to the XSLT/XPath language rather than Saxon itself, it is better to use
 the <a href="http://www.mulberrytech.com/xsl/xsl-list/">xsl-list</a>: check first that the query
 isn't already covered in the FAQ. Other useful sites for XSLT information are
 <a href="http://www.xslt.com/">www.xslt.com</a> and 
  <a href="http://www.jenitennison.com/">www.jenitennison.com</a>.</p>
  
<p>There are a number of help forums for XQuery: for details see the
XQuery home page at <a href="http://www.w3.org/XML/Query">http://www.w3.org/XML/Query</a>.
The most active is probably <a href="http://www.xquery.com/">talk at xquery.com</a>.</p>

</subpage>

<subpage id="patches" title="Bugs and patches">

<p>If you hit something that looks like a bug, please check the known errors on
<a href="http://sourceforge.net/projects/saxon">the Saxon project pages at SourceForge</a>.
Also check the list archives.</p>

<box>Please don't enter the problem into the bug register until it
is confirmed as a bug: it's easier for everyone to search for real bugs if the register isn't
cluttered with problems that turned out not to be bugs at all.</box>

<p>If you need to submit attachments, this is best done through the <b>Support Requests</b>
tracker on the SourceForge site.</p>

<p>Saxon-SA users are provided with an email address that allows bug reports to be sent
to Saxonica privately if preferred.</p>

<p>The open source code of Saxon-B is maintained in a Subversion repository on the SourceForge site.
This exists solely to provide early access to source patches, it is not (currently) used to deliver
incremental releases of new functionality. Building the Jar files is reasonably easy for an experienced
Java programmer; for the first time in Saxon 8.9, and Ant script is provided to assist with this. 
Building the .NET product is considerably more complicated, and although scripts are provided, 
it should only be attempted if you have a good knowledge of both platforms.</p>

</subpage> 






</page>

<page>
<h2 id="related">Related Products</h2>

<p>This section lists some Saxon add-ons and extensions produced by third parties. Saxonica Limited
takes no responsibility for the quality of these products.</p>

<h3>Open Source tools</h3>

<p><a href="http://sourceforge.net/projects/kernowforsaxon/">Kernow</a> is a graphical
front-end for Saxon. This is an open-source product developed by Andrew Welch. It provides an effective alternative to the Saxon
command line interface for users who prefer a GUI for running ad-hoc transformations.</p>

<p>On MAC OS/X, Todd Ditchendorf has produced <a href="http://www.ditchnet.org/xslpalette/">XSLPalette</a>, which is
designed to integrate with your own choice of text editor to provide XSLT development and debugging support.</p>

<h3>Commercial Editors and Debuggers</h3>

<p>A number of commercial XML IDEs provide support for XML, XSLT, and/or XQuery editing and debugging,
with the ability to configure Saxon as the chosen XSLT/XQuery processor. These include:</p>

<ul>
<li><p><a href="http://www.stylusstudio.com/">Stylus Studio</a>: offers XSLT, XQuery, and XML Schema
development and debugging, all using Saxon. This is currently the only
IDE that offers Saxon-SA built-in.</p></li>

<li><p><a href="http://www.oxygenxml.com/">oXygen</a> offers XSLT and XML Schema development
and debugging for Saxon. Integrates Saxon-B, and works with Saxon-SA which you must purchase separately.</p></li>

<li><p>A budget XML Editor and Debugger for Saxon is <a href="http://www.editix.com/">EditiX</a>,
with prices starting at $22.</p></li> 

<li><p><a href="http://www.altova.com/">XML Spy from Altova</a> allows you to configure
Saxon as your XSLT or XQuery processor, but does not provide Saxon debugging. There is also
<a href="http://members.chello.at/spiffbase/spycomponents/ValidatorBuddy.htm">a third-party plug-in</a>
 that allows Saxon-SA to be used for schema validation.</p></li>
</ul>

<h3>XQuery Documentation</h3>

<p><b>xqDoc</b> is a Javadoc-like documentation tool for XQuery. It works with Saxon, and is
available either as a free-standing tool from <a href="http://xqdoc.org/">http://xqdoc.org/</a>
or as part of <a href="http://www.stylusstudio.com/">Stylus Studio</a>.</p>


</page>





</body>
</html>
