<?xml version="1.0"?><html section="schema-processing" xmlns:xsi="http://www.w3.org/2001/XMLSchema-instance" xsi:noNamespaceSchemaLocation="file:///c:/MyJava/doc/saxon8/saxon-doc-schema.xsd">

<head>
  <title>XML Schema Processing</title>
</head>

<body>

<h1>XML Schema Processing</h1>


<page>
<h2 id="intro">Introduction</h2>


<p><b>Schema processing is available only with the schema-aware version of the product,
Saxon-SA, available from <a href="http://www.saxonica.com/">http://www.saxonica.com/</a>.</b></p>

<p>Saxon can be used as a free-standing schema processor in its own right, either from
the command line or from a Java application. In addition, Saxon can be used as a
schema-aware XSLT processor or as a schema-aware XQuery processor.</p>


<p>Saxon, from release 8.0 onwards, comes in two versions: a basic version
and a schema-aware version. These correspond to different conformance levels
defined in the XSLT and XQuery specifications. The basic Saxon product is
open source software available free of charge from 
<a href="http://saxon.sf.net/">http://saxon.sf.net/</a>. The schema-aware version
known as Saxon-SA, is a commercial product available from 
<a href="http://www.saxonica.com/">Saxonica Limited</a>.</p>

<p>Saxon-SA supports the schema validation APIs in JAXP 1.3. It therefore requires
that JAXP 1.3 be installed and present on the classpath. JAXP 1.3 is a standard
part of JDK 1.5 (also known as J2SE 5.0) and can be installed as a free-standing
component under JDK 1.4.</p> 


</page>

<page>

<h2 id="commandline">Running Validation from the Command Line</h2>

<p>The Java class <code>com.saxonica.Validate</code> allows you to validate
a source XML document against a given schema, or simply to check a schema for
internal correctness.</p>

<p>To validate a source document, using the Java platform, write:</p>

<command>java  com.saxonica.Validate 
  [options]  source.xml  schema.xsd  </command>

<p>The equivalent on the .NET platform is:</p>

<command>Validate [options]  source.xml  schema.xsd  </command>

<p>The options must come first, then the file names.</p>

<p>To check a schema for internal correctness, the command is:</p>

<command>[java com.saxonica.validate | Validate] -s [other-options]  schema.xsd  </command>

<p>The options are as follows (in any order): </p>

<table>


<tr><td valign="top"><p>-r classname</p></td>
<td><p>Use the specified URIResolver to process all URIs. The URIResolver is a user-defined class,
that implements the URIResolver interface defined in JAXP, whose function is to take a URI supplied as
a string, and return a SAX InputSource. It is invoked to process URIs used in the doc() function,
 and (if -u is also specified) to process the URI
of the source file provided on the command line.</p></td></tr>

<tr><td valign="top"><p>-s</p></td>
<td><p>Schema check only. In this case, the source file name should be omitted. The program reads the
supplied schema, checks it for internal consistency, reports any errors, and exits.</p></td></tr>

<tr><td valign="top"><p>-t</p></td>
<td><p>Requests display of version and timing information to the standard error output.
This also shows all the schema documents that have been loaded.</p></td></tr>

<tr><td valign="top"><p>-u</p></td>
<td><p>Indicates that the name of the source document and schema document are supplied as URIs;
otherwise they are taken as filenames, unless they start with "http:" or "file:", in which
case they they are taken as URLs.</p></td></tr>

<tr><td valign="top"><p>-vlax</p></td>
<td><p>Invokes lax validation. This option has no effect when the -s option is also used. Lax
validation validates elements only if there is an element declaration to validate them against,
or if they have an xsi:type attribute.</p></td></tr>

<tr><td valign="top"><p>-x classname</p></td>
<td><p>Requests use of the specified SAX parser for parsing the source file.
 The classname must be the fully-qualified  name
of a Java class that implements the <code>org.xml.sax.XMLReader</code> interface. In the absence
of this argument, the standard JAXP facilities are used to locate an XML parser. Normally this
means that the Crimson parser included as standard in JDK 1.4 will be used. Note that the XML parser
performs the raw XML parsing only; Saxon always does the schema validation itself.</p></td></tr>

<tr><td valign="top"><p>-xi</p></td>
<td><p>Apply XInclude processing to all input XML documents (both schema documents and
instance documents). This currently only works when documents are parsed using the Xerces
parser, which is the default in JDK 1.5 and later.</p></td></tr>

<tr><td valign="top"><p>-1.1</p></td>
<td><p>Allow XML 1.1 and XML Namespaces 1.1 constructs. This option must be set if source documents 
using XML 1.1 are to be validated, or if the schema itself is an XML 1.1 document. This option
causes types such as xs:Name, xs:QName, and xs:ID to use the XML 1.1 definitions of these constructs.</p></td></tr>


<tr><td valign="top"><p>-?</p></td><td><p>Display command syntax</p></td></tr>


<tr><td valign="top"><p>source.xml</p></td>
<td><p>Identifies the source file to be validated. This argument is mandatory unless the 
<code>-s</code> option is present, in which case it must be omitted. The argument can be
specified as "-" to read the source file from standard input.</p></td></tr>

<tr><td valign="top"><p>schema.xsd</p></td>
<td><p>Identifies the schema to be used for validation. This argument is mandatory if the 
<code>-s</code> option is present. In other cases it may be omitted, and the schema to be 
used for validation will then be located using the <code>xsi:schemaLocation</code> and
<code>xsi:noNamespaceSchemaLocation</code> attributes in the source document. The argument can be
specified as "-" to read the schema from standard input.</p></td></tr>

</table>

<p>The results of processing the schema, and of validating the source document against the
schema, are written to the standard error output. Unless the <code>-t</code> option is
used, successful processing of the source document and schema results in no output.</p>

</page>
<page size="1.3">

<h2 id="validation-api">Controlling Validation from Java</h2>

<p>Applications can invoke schema processing using the APIs provided in JAXP 1.3. This makes Saxon
interchangeable with other schema processors implementing this interface. There is full information on
these APIs in the Java documentation. The two main mechanisms are the <code>Validator</code>
class, and the <code>ValidatorHandler</code> class. Sample applications using these interfaces are
provided in the <code>samples/java</code> directory.</p>

<p>The main steps are:</p>

<ol>
<li><p>Create a SchemaFactory, by calling <code>SchemaFactory.getInstance()</code>
with the argument <code>"http://www.w3.org/2001/XMLSchema"</code>, and with the
Java system properties set up to ensure that Saxon is loaded as the chosen schema processor.
Saxon will normally be loaded as the default schema processor if Saxon-SA is present on the
classpath, but to make absolutely sure, set the system property 
<code>javax.xml.validation.SchemaFactory:http://www.w3.org/2001/XMLSchema</code>
to the value <code>com.saxonica.schema.SchemaFactoryImpl</code>. Note that if
you set this property using a property file, colons in the property name must be escaped
as "\:".</p></li>

<li><p>Process a schema document by calling one of the several <code>newSchema</code> methods
on the returned <code>SchemaFactory</code>.</p></li>

<li><p>Create either a <code>Validator</code> or a <code>ValidatorHandler</code> from this returned
<code>Schema</code>.</p></li>

<li><p>Use the <code>Validator</code> or <code>ValidatorHandler</code> to process one or more 
source documents.</p></li>

</ol>

<p>Note that additional schemas referenced from the <code>xsi:schemaLocation</code> attributes
within the source documents will be loaded as necessary. A target namespace is ignored if there is already
a loaded schema for that namespace; Saxon makes no attempt to load multiple schemas for the same
namespace and check them for consistency.</p>

<p>Although the API is defined in such a way that a <code>Validator</code> or <code>ValidatorHandler</code>
is created for a particular <code>Schema</code>, in the Saxon implementation the schema components that
are available to the validator are not only the components within that schema, but all the components that form part
of any schema registered with the <code>Configuration</code>.</p>

<p>Another way to control validation from a Java application is to run a JAXP
identity transformation, having first set the option to perform schema validation.
The following code (from the sample application <code>QuickValidator.java</code>) illustrates this:</p>

<example>
try {
    System.setProperty(
            "javax.xml.transform.TransformerFactory",
            "com.saxonica.SchemaAwareTransformerFactory");
    TransformerFactory factory = 
            TransformerFactory.newInstance();
    factory.setAttribute(FeatureKeys.SCHEMA_VALIDATION, 
            new Integer(Validation.STRICT));
    Transformer trans = factory.newTransformer();
    StreamSource source = 
            new StreamSource(new File(args[0]).toURI().toString());
    SAXResult sink = 
            new SAXResult(new DefaultHandler());
    trans.transform(source, sink);
} catch (TransformerException err) {
    System.err.println("Validation failed");
}
</example>

<p>If you set an <code>ErrorListener</code> on the <code>TransformerFactory</code>, then you can control
the way that error messages are output.</p>

<p>If you want to validate against a schema without hard-coding the URI of the schema into the source
document, you can do this by pre-loading the schema into the <code>TransformerFactory</code>. This extended
example (again from the sample application <code>QuickValidator.java</code>) illustrates this:</p>

<example>
try {
    System.setProperty(
            "javax.xml.transform.TransformerFactory",
            "com.saxonica.SchemaAwareTransformerFactory");
    TransformerFactory factory = 
            TransformerFactory.newInstance();
    factory.setAttribute(FeatureKeys.SCHEMA_VALIDATION, 
            new Integer(Validation.STRICT));
    if (args.length &gt; 1) {
        StreamSource schema = 
                new StreamSource(new File(args[1]).toURI().toString());
        ((SchemaAwareTransformerFactory)factory).addSchema(schema);
    }
    Transformer trans = factory.newTransformer();
    StreamSource source = 
            new StreamSource(new File(args[0]).toURI().toString());
    SAXResult sink = 
            new SAXResult(new DefaultHandler());
    trans.transform(source, sink);
} catch (TransformerException err) {
    System.err.println("Validation failed");
}
</example>

<p>You can preload as many schemas as you like using the <code>addSchema</code> method. Such schemas are parsed,
validated, and compiled once, and can be used as often as you like for validating multiple source documents. You
cannot unload a schema once it has been loaded. If you want to remove or replace a schema, start afresh with a
new <code>TransformerFactory</code>.</p>

<p>Behind the scenes, the <code>TransformerFactory</code> uses a <code>Configuration</code> object to hold all
the configuration information. The basic Saxon product uses the class <code>net.sf.saxon.TransformerFactoryImpl</code>
for the <code>TransformerFactory</code>, and <code>net.sf.saxon.Configuration</code> for the underlying
configuration information. The schema-aware product subclasses these with <code>com.saxonica.SchemaAwareTransformerFactory</code>
and <code>com.saxonica.SchemaAwareConfiguration</code> respectively. 
You can get hold of the configuration object by casting the <code>TransformerFactory</code>
to a Saxon <code>TransformerFactorImpl</code> and calling the <code>getConfiguration()</code> method. This
gives you more precise control, for example it allows you to retrieve the <code>Schema</code> object containing
the schema components for a given target namespace, and to inspect the compiled schema to establish its properties.
See the JavaDoc documentation for further details.</p>

<p><i>Saxon currently implements its own API for access to the schema components. This API should be regarded as
temporary. In the longer term, it is likely that Saxon will offer an API for schema access that has been proposed
in a member submission to W3C.</i></p>

<p>The programming approach outlined above, of using an identity transformer, 
is suitable for a wide class of applications. For example,
it enables you to insert a validation step into a SAX-based pipeline. However, for finer control, there are
lower-level interfaces available in Saxon that you can also use. See for example the JavaDoc for the
<code>SchemaAwareConfiguration</code> class, which includes methods such as <code>getElementValidator</code>. This
constructs a <code>Receiver</code> which acts as a validating XML event filter. This can be inserted into a pipeline
of <code>Receivers</code>. Saxon also provides classes to bridge between SAX events and <code>Receiver</code>
events: <code>ReceivingContentHandler</code> and <code>ContentHandlerProxy</code> respectively.</p>

</page>
<page>

<h2 id="satransformcmd">Schema-Aware XSLT from the Command Line</h2>

<p>To run a schema-aware transformation from the command line, use the <code>com.saxonica.Transform</code> command
instead of the usual <code>net.sf.saxon.Transform</code>. This has an additional option <code>-val</code> to
request strict validation of the source document. This applies not only to the principal source document loaded from the
command line, but to all documents loaded via the <code>doc()</code> and <code>document()</code> functions.</p>

<p>As an alternative to the <code>-val</code> option, you can specify <code>-vlax</code> to request lax
validation.</p>

<p>The schemas to be used to validate these source documents can be specified either by using the
<code>xsl:import-schema</code> declaration in the stylesheet, or using <code>xsi:schemaLocation</code>
(or <code>xsi:noNamespaceSchemaLocation</code>) attributes within the source documents themselves.</p>

<p>Validating the source document has several effects. Most obviously, it will cause the transformation to fail
if the document is invalid. It will also cause default values for attributes and elements to be expanded, so they
will appear to the stylesheet as if they were present on the source document. In addition, element and attribute nodes
that have been validated will be annotated with a type. This enables operations to be performed in a type-safe way.
This may cause error messages, for example if you try to use an xs:decimal value as an argument to a function that
expects a string. It may also cause some operations to produce different results: for example when using
elements or attribute that have been given a list type in the schema, the typed value of the node will appear
in the stylesheet as a sequence rather than as a single string value.</p>

<p>Saxon-SA also allows you to validate result documents (both final result documents
and temporary trees), using the <code>validation</code> and <code>type</code> attributes. For details of these,
refer to the XSLT 2.0 specification. Validation of result documents is done on-the-fly, so if the stylesheet
attempts to produce invalid output, you will usually get an error message that identifies the offending instruction
in the stylesheet. Type annotations on final result documents are lost if you send the output to a standard JAXP
<code>Result</code> object (whether it's a <code>StreamResult</code>, <code>SAXResult</code>, or <code>DOMResult</code>,
but they remain available if you capture the output in a Saxon <code>Receiver</code> or in a <code>DOMResult</code>
that encapsulates a Saxon <code>NodeInfo</code>. For details of the way in which type annotations are represented
in the Saxon implementation of the data model, see the JavaDoc documentation. The <code>getTypeAnnotation()</code>
method on a <code>NodeInfo</code> object returns an integer fingerprint, which can be used to locate the name of the
relevant type in the <code>NamePool</code>. The <code>NamePool</code> also provides the ability to locate the actual
type definitions in the schema model, starting from these integer fingerprints.</p>

<p>The <code>-vw</code> option on the command line 
causes validation errors encountered in processing a final result
tree to be treated as warnings, allowing processing to continue. This allows more than one error
to be reported in a single run. The result document is serialized as if validation were successful,
but with XML comments inserted to show where the validation errors were found. This option does
not necessarily recover from all validation errors, for example at present it does not recover from
errors in uniqueness or referential constraints. It applies only to result trees
validated using the <code>validation</code> attribute of <code>xsl:result-document</code>.</p>

<p>With the schema-aware version of Saxon, type declarations (the <code>as</code> attribute on elements such as
<code>xsl:function</code>, <code>xsl:variable</code>, and <code>xsl:param</code>) can refer to schema-defined types,
for example you can write <code>&lt;xsl:variable name="a" as="schema-element(ipo:invoice)"/&gt;</code>. You can also use
the <code>element()</code> and <code>attribute()</code> tests to select nodes by their schema type in path expressions
and match patterns.</p>

<p>Saxon does a certain amount of static analysis of the XSLT and XPath code based on schema information.
For example, if a template rule is defined with a match pattern such as <code>match="schema-element(invoice)"</code>,
then it will check any path expressions used in the template rule to ensure that they are valid against the schema
when starting from <code>invoice</code> as the context node. Similarly, if the result type of a template rule
or function is declared using an <code>as</code> attribute, then Saxon will check any literal result elements
in the body of the template or function to ensure that they are consistent with this declared type. This
analysis can reveal many simple user errors at compile time that would otherwise result in run-time errors or
simply in incorrect output. But this is only possible if the source code explicitly declares the types of parameters,
template and function results, and match patterns.</p>

</page>

<page>

<h2 id="satransformapi">Schema-Aware XSLT from Java</h2>

<p>When transformations are controlled using the Java JAXP interfaces, the equivalent to the <code>-val</code>
option is to set the attribute "http://saxon.sf.net/feature/schema-validation" on the TransformerFactory to the
value <code>net.sf.saxon.om.Validation.STRICT</code>. Alternatively, you can set the value to
<code>Validation.LAX</code>.
This attribute name is available as the constant <code>FeatureKeys.SCHEMA_VALIDATION</code>.</p>



<p>This option switches validation on for all source documents used by any transformation under the control of this
TransformerFactory. If you want finer control, so that some documents are validated and others are not, you can
achieve this by using the <code>AugmentedSource</code> object. An <code>AugmentedSource</code> is a wrapper around
a normal JAXP <code>Source</code> object, in which additional properties can be set: for example, a property to
request validation of the document. The <code>AugmentedSource</code> itself implements the JAXP <code>Source</code>
interface, so it can be used anywhere that an ordinary <code>Source</code> object can be used, notably as the
first argument to the <code>transform</code> method of the <code>Transformer</code>, and as the return value from
a user-written <code>URIResolver</code>.</p>

<p>If the <code>PTreeURIResolver</code> is used, it is also possible to control validation for each source document
by means of query parameters in the document URI. For example, <code>document('source.xml?val=strict')</code> requests
the loading of the file <code>source.xml</code> with strict validation.</p>

<p>The attribute <code>FeatureKeys.VALIDATION_WARNINGS</code> has the same effect as the <code>-vw</code>
option on the command line: validation errors encountered when processing the final result tree are
reported to the <code>ErrorListener</code> as warnings, not as fatal errors.</p>

<p>Schemas can be loaded using either of the techniques used with the command-line interface: that is, by specifying
them in the <code>xsl:import-schema</code> directive in the stylesheet, or by including them in an <code>xsi:schemaLocation</code>
attribute in a source document. In addition, they can be loaded using the <code>addSchema()</code> method on the
<code>SchemaAwareTransformerFactory</code> class.</p>

<p>All schemas that are loaded are cached as part of the <code>TransformerFactory</code> (or more specifically, as
part of the <code>Configuration</code> object owned by the <code>TransformerFactory</code>). This is true whether the
schema is loaded explicitly using the Java API, whether it is loaded as a result of <code>xsl:import-schema</code>,
or whether it is referenced in an <code>xsi:schemaLocation</code> attribute in a source document. There can only
be one schema document loaded for each namespace: any further attempts to load a schema for a given target namespace
will return the existing loaded schema, rather than loading a new one. Note in particular that this means there
can only be one loaded no-namespace schema document. If you want to force loading of a different schema document
for an existing namespace, the only way to do it is to create a new <code>TransformerFactory</code>.</p>  

<p>If you are validating the result tree, and you want your application to have access to the type annotations
in the validated tree, then you should specify as the result of the transformation either a user-written 
<code>Receiver</code>, or a <code>DOMResult</code> that wraps a Saxon <code>DocumentInfo</code> object. Note that
type annotations are supported only with the TinyTree implementation.</p>

</page>

<page>

<h2 id="saquerycmd">Schema-Aware XQuery from the Command Line</h2>

<p>To run a schema-aware query from the command line, use the <code>com.saxonica.Query</code> command
instead of the usual <code>net.sf.saxon.Query</code>. This has an additional option <code>-val</code> to
request validation of the source document. This applies not only to the principal source document loaded using the
<code>-s</code> option on the
command line, but to all documents loaded via the <code>doc()</code> functions, or
supplied as additional command line parameters in the form <code>+param=doc.xml</code>.</p>

<p>As an alternative to the <code>-val</code> option, you can specify <code>-vlax</code> to request lax
validation.</p>

<p>The schemas to be used to validate these source documents can be specified either by using the
<code>import schema</code> declaration in the query prolog, or using <code>xsi:schemaLocation</code>
(or <code>xsi:noNamespaceSchemaLocation</code>) attributes within the source documents themselves.</p>

<p>Validating the source document has several effects. Most obviously, it will cause the query to fail
if the document is invalid. It will also cause default values for attributes and elements to be expanded, so they
will appear to the query as if they were present on the source document. In addition, element and attribute nodes
that have been validated will be annotated with a type. This enables operations to be performed in a type-safe way.
This may cause error messages, for example if you try to use an xs:decimal value as an argument to a function that
expects a string. It may also cause some operations to produce different results: for example when using
elements or attributes that have been given a list type in the schema, the typed value of the node will appear
in the stylesheet as a sequence rather than as a single string value.</p>

<p>The schema-aware version of Saxon also allows you to validate result documents (both final result documents
and intermediate results). By default, elements constructed by the query are validated in lax mode, which means that
they are validated if a schema declaration is available, and are not validated otherwise. You can set a different
initial validation mode either using the <code>declare validation</code> declaration in the Query Prolog, or by
issuing a call such as <code>staticQueryContext.pushValidationMode(Validation.SKIP)</code> in the calling API.</p>

<p>The <code>-vw</code> option on the command line 
causes validation errors encountered in processing a final result
tree to be treated as warnings, allowing processing to continue. This allows more than one error
to be reported in a single run. The result document is serialized as if validation were successful,
but with XML comments inserted to show where the validation errors were found. This option does
not necessarily recover from all validation errors, for example at present it does not recover from
errors in uniqueness or referential constraints.</p>

<p>By default, the validation context for element constructors in the query depends on the textual nesting of the
element constructors as written in the query. You can change the validation context (and the validation mode) if you
need to, by using a <code>validate{}</code> expression within the query.  For details of this expression,
refer to the XQuery 1.0 specification. Validation of result documents is done on-the-fly, so if the query
attempts to produce invalid output, you will usually get an error message that identifies the approximate location
in the query where the error occurred.</p>

<p>With the schema-aware version of Saxon, declarations of functions and variables can refer to schema-defined types,
for example you can write <code>let $a as schema-element(ipo:invoice)* := //inv</code>. You can also use
the <code>element()</code> and <code>attribute()</code> tests to select nodes by their schema type in path expressions.</p>

<p>Saxon-SA does a certain amount of static analysis of the XQuery code based on schema information.
For example, if a function argument is defined with a type such as <code>as="schema-element(invoice)"</code>,
then it will check any path expressions used in the function body to ensure that they are valid against the schema
when starting from <code>invoice</code> as the context node. Similarly, if the result type of a 
 function is declared using an <code>as</code> attribute, then Saxon will check any direct element constructors
in the body of the function to ensure that they are consistent with this declared type. This
analysis can reveal many simple user errors at compile time that would otherwise result in run-time errors or
simply in incorrect output. But this is only possible if the source code explicitly declares the types of variables
and of function arguments and results.</p>

</page>

<page>
<h2 id="saqueryapi">Schema-Aware XQuery from Java</h2>

<p>When queries are controlled using the Java API, the equivalent to the <code>-val</code>
option is to create a <code>SchemaAwareConfiguration</code> instead of a <code>Configuration</code> object, 
and then to call <code>setSchemaValidationMode(net.sf.saxon.om.Validation.STRICT)</code> on this object.
The value <code>Validation.LAX</code> can also be used.</p>

<p>This option switches validation on for all source documents used by any transformation under the control of this
<code>SchemaAwareConfiguration</code>. If you want finer control, so that some documents are validated and others are not, you can
achieve this by using the <code>AugmentedSource</code> object. An <code>AugmentedSource</code> is a wrapper around
a normal JAXP <code>Source</code> object, in which additional properties can be set: for example, a property to
request validation of the document. The <code>AugmentedSource</code> itself implements the JAXP <code>Source</code>
interface, so it can be used anywhere that an ordinary <code>Source</code> object can be used, for example as the
first argument to the <code>buildDocument()</code> method of the <code>QueryProcessor</code>, and as the return value from
a user-written <code>URIResolver</code>.</p>

<p>If the <code>PTreeURIResolver</code> is used, it is also possible to control validation for each source document
by means of query parameters in the document URI. For example, <code>doc('source.xml?val=strict')</code> requests
the loading of the file <code>source.xml</code> with strict validation.</p>

<p>The <code>Configuration</code> method <code>setValidationWarnings()</code> 
has the same effect as the <code>-vw</code>
option on the command line: validation errors encountered when processing the final result tree are
reported to the <code>ErrorListener</code> as warnings, not as fatal errors. They are also reported
as XML comments in the result tree.</p>

<p>Schemas can be loaded using either of the techniques used with the command-line interface: that is, by specifying
them in the <code>import schema</code> directive in the query prolog, or by including them in an <code>xsi:schemaLocation</code>
attribute in a source document. In addition, they can be loaded using the <code>addSchemaSource()</code> method on the
<code>SchemaAwareConfiguration</code> class.</p>

<p>All schemas that are loaded are cached as part of the <code>SchemaAwareConfiguration</code>. This is true whether the
schema is loaded explicitly using the Java API, whether it is loaded as a result of <code>import schema</code> in a query,
or whether it is referenced in an <code>xsi:schemaLocation</code> attribute in a source document. There can only
be one schema document loaded for each namespace: any further attempts to load a schema for a given target namespace
will return the existing loaded schema, rather than loading a new one. Note in particular that this means there
can only be one loaded no-namespace schema document. If you want to force loading of a different schema document
for an existing namespace, the only way to do it is to create a new <code>SchemaAwareConfiguration</code>.</p>  

 
</page>


</body>
</html>
