<?xml version="1.0"?><html section="sourcedocs" xmlns:xsi="http://www.w3.org/2001/XMLSchema-instance" xsi:noNamespaceSchemaLocation="file:///c:/MyJava/doc/saxon8/saxon-doc-schema.xsd">
<head>
  <title>Handling Source Documents</title>

</head>
<body>

<h1>Handling Source Documents</h1>


<page>
<h2 id="intro">Handling Source Documents</h2>

<p>This section discusses the various options in Saxon for handling source documents that
form the input to a query or stylesheet.</p>

<p>See the topics below for further information:</p>

<pageindex/>



</page>

<page>
<h2 id="command-line">Source Documents on the Command Line</h2>

<p>When Saxon (either XSLT or XQuery) is invoked from the command line, the source document will normally
be an XML 1.0 document. Supplying an XML 1.1 document will also work, provided that (a) the selected parser
is an XML 1.1 parser, and (b) the command line option <code>-1.1</code> is set.</p>

<p>If a custom parser is specified using the -x option on the command line, then the source document can
be in any format accepted by this custom parser. The only constraint is that the parser must behave as a
SAX2 parser, delivering a stream of events that define a virtual XML document. For example, the 
 <a href="http://www.tagsoup.info/">TagSoup</a> parser from John Cowan can be used to feed an HTML
 document as input to Saxon.</p>

<p>Non-standard input formats can also be handled by specifying a user-written URIResolver. If the <code>-u</code>
option is used on the command line, or if the source file name begins with <code>http://</code> or
<code>file://</code>, then the source file name is resolved to a JAXP Source object using the URIResolver;
if a user-written URIResolver is nominated (using the <code>-r</code> option) then this may translate the
file name into a Source object any way that it wishes.</p>



</page>

<page>
<h2 id="collections">Collections</h2>

<p>Saxon implements the <code>collection()</code> function by passing the given URI
(or null, if the default collection is requested) to a user-provided <code>CollectionURIResolver</code>.
This section describes how the standard collection resolver behaves, if no user-written collection
resolver is supplied.</p>

<p>The default collection resolver returns the empty sequence as the default collection. The only
way of specifying a default collection it to provide your own <code>CollectionURIResolver</code>.</p>

<p>If a collection URI is provided, Saxon attempts to dereference it. What happens next depends on whether
the URI identifies a file or a directory.</p>

<h3>Using catalog files</h3>

<p>If a file is identified, Saxon treats this as a catalog file. This is a file in XML format that lists the
documents comprising the collection. Here is an example of such a catalog file:</p>

<example><![CDATA[
<catalog stable="true">
  <doc href="dir/chap1.xml"/>
  <doc href="dir/chap2.xml"/>
  <doc href="dir/chap3.xml"/>
  <doc href=">dir/chap4.xml"/>
</catalog>]]></example>

<p>The <code>stable</code> attribute indicates whether the collection is stable or not. The default value is true.
If a collection is stable, then the URIs listed in the <code>doc</code> elements are treated like URIs passed
to the <code>doc()</code> function. Each URI is first looked up in the document pool to see if it is already loaded;
if it is, then the document node is returned. Otherwise the URI is passed to the registered <code>URIResolver</code>,
and the resulting document is added to the document pool. The effect of this process is firstly, that two calls on
the <code>collection()</code> function passing the same collection URI will return the same nodes each time, and secondly,
that these results are consistent with the results of the <code>doc()</code> function: if the <code>document-uri()</code> of
a node returned by the <code>collection()</code> function is passed to the <code>doc()</code> function, the original node
will be returned. If <code>stable="false"</code> is specified, however, the URI is dereferenced directly, and the document
is not added to the document pool, which means that a subsequent retrieval of the same document will not return the same node.</p>

<h3>Processing directories</h3>

<p>If the URI passed to the <code>collection()</code> function (still assuming a default <code>CollectionURIResolver</code>)
identifies a directory, then the contents of the directory are returned. Such a URI may have a number of query parameters, written
in the form <code>file:///a/b/c/d?keyword=value;keyword=value;...</code>. The recognized keywords and their values are as follows:</p>

<table>
<tr>
<td valign="top"><p><b>keyword</b></p></td>
<td valign="top"><p><b>values</b></p></td>
<td valign="top"><p><b>effect</b></p></td>
</tr> 

<tr>
<td valign="top"><p><b>recurse</b></p></td>
<td valign="top"><p><b>yes | no (default no)</b></p></td>
<td valign="top"><p><b>determine whether subdirectories are searched recursively</b></p></td>
</tr> 

<tr>
<td valign="top"><p><b>strip-space</b></p></td>
<td valign="top"><p><b>yes | ignorable | no</b></p></td>
<td valign="top"><p><b>determines whether whitespace text nodes are to be stripped.
The default depends on the Configuration settings.</b></p></td>
</tr> 

<tr>
<td valign="top"><p><b>validation</b></p></td>
<td valign="top"><p><b>strip | preserve | lax | strict</b></p></td>
<td valign="top"><p><b>determines whether and how schema validation is applied to each document.
The default depends on the Configuration settings.</b></p></td>
</tr> 

<tr>
<td valign="top"><p><b>select</b></p></td>
<td valign="top"><p><b>file name pattern</b></p></td>
<td valign="top"><p><b>determines which files are selected (see below)</b></p></td>
</tr>       

<tr>
<td valign="top"><p><b>on-error</b></p></td>
<td valign="top"><p><b>fail | warning | ignore</b></p></td>
<td valign="top"><p><b>determines the action to be taken if one of the documents cannot be successfully parsed</b></p></td>
</tr> 

<tr>
<td valign="top"><p><b>parser</b></p></td>
<td valign="top"><p><b>Java class name</b></p></td>
<td valign="top"><p><b>class name of the Java XMLReader to be used. For example, John Cowan's TagSoup parser may be selected by specifying
<code>parser=org.ccil.cowan.tagsoup.Parser</code> (this parses arbitrary ill-formed HTML and presents it
to Saxon as well-formed XML).</b></p></td>
</tr>

<tr>
<td valign="top"><p><b>xinclude</b></p></td>
<td valign="top"><p><b>yes | no</b></p></td>
<td valign="top"><p><b>determines whether XInclude processing should be applied to the selected documents. This overrides
any setting in the <code>Configuration</code> (or any command line option).</b></p></td>
</tr> 

</table>

<p>The pattern used to select files can take the conventional form, for example <code>*.xml</code> selects
all files with extension "xml". More generally, the pattern is converted to a regular expression by 
prepending "^", appending "$", replacing "." by "\.", and replacing "*" by ".*",
and it is then used to match the file names appearing in the directory using
the Java regular expression rules. So, for example, you can write <code>*.(xml|xhtml)</code> to match files
with either of these two file extensions. Note however, that special characters used in the URL may need
to be escaped using the %HH convention: this can be achieved using the iri-to-uri() function.</p>

<p><i>A collection read in this way is not stable. Calling the <code>collection()</code> function again with the same URI will
reprocess the directory, and return a different set of document nodes, even if the contents of the directory have
not changed.</i></p>

</page>

<page>

<h2 id="builder-api">Building a Source Document from an application</h2>

<p>In Java, the recommended way to build a Saxon tree in memory is to use the <code>buildDocument</code> method
of the <code>Configuration</code> object. (When using the JAXP Transformation API, the <code>Configuration</code>
can be obtained from the <code>TransformerFactory</code> as the value of the attribute named <code>FeatureKeys.CONFIGURATION</code>.)</p>

<p>All the documents processed in a single transformation or query must be loaded using the same <code>Configuration</code>.</p>

<p>The <code>buildDocument()</code> method takes a single argument, a JAXP <code>Source</code>. This can be any of the standard
kinds of JAXP <code>Source</code>. See <xref page="jaxsources">JAXP Sources</xref> for more information.</p>

<p>In the .NET API, there is a <code>DocumentBuilder</code> object that can be created from the processor. This allows options
to be set controlling the way documents are built, and provides an overloaded <code>Build</code> method allowing a tree to
be built from various kinds of source.</p>

</page>

<page>

<h2 id="input-filters">Writing input filters</h2>

<p>Saxon can take its input from a JAXP <code>SAXSource</code> object, which essentially represents a sequence
of SAX events representing the output of an XML parser. A very useful technique is to
interpose a <i>filter</i> between the parser and Saxon. The filter will typically be an
instance of the SAX2 <b>XMLFilter</b> class.
</p>

<p>There are a number of ways of using a Saxon XSLT transformation as part of a pipeline of filters.
Some of these techniques also work with XQuery. The techniques include:</p>

<ul>
<li><p>Generate the transformation as an <code>XMLFilter</code> using the <code>newXMLFilter()</code>
method of the <code>TransformerFactory</code>. This works with XSLT only. A drawback of this approach
is that it is not possible to supply parameters to the transformation using standard JAXP facilities. It
is possible, however, by casting the <code>XMLFilter</code> to a <code>net.sf.saxon.Filter</code>, and calling
its <code>getTransformer()</code> method, which returns a <code>Transformer</code> object offering the usual
<code>addParameter()</code> method.</p></li>

<li><p>Generate the transformation as a SAX <code>ContentHandler</code> using the <code>newTransformerHandler()</code>
method. The pipelines stages after the transformation can be added by giving the transformation a <code>SAXResult</code>
as its destination. This again is XSLT only.</p></li>

<li><p>Implement the pipeline step before the transformation or query as an <code>XMLFilter</code>, and
 use this as the <code>XMLReader</code> part of a <code>SAXSource</code>, pretending to be an XML parser.
 This technique works with both XSLT and XQuery, and it can even be used from the command line, by nominating
 the <code>XMLFilter</code> as the source parser using the <code>-x</code> option on the command line.</p></li>
 
 </ul>  

<p>The <code>-x</code> option on the Saxon command line specifies the parser that Saxon will
use to process the source files. This class must implement the SAX2 XMLReader interface, but it
is not required to be a real XML parser; it can take the input from any kind of source file,
so long as it presents it in the form of a stream of SAX events. When using the JAXP API, the
equivalent to the <code>-x</code> option is to call <code>transformerFactory.setAttribute(
net.sf.saxon.FeatureKeys.SOURCE_PARSER_CLASS, 'com.example.package.Parser')</code></p>

</page>

<page>
<h2 id="XInclude">XInclude processing</h2>

<p>If you are using Xerces as your XML parser, you can have Xerces expand any XInclude
directives.</p>

<p>The <code>-xi</code> option on the command line causes XInclude processing to be applied to all input
XML documents. This includes source documents, stylesheets, and schema documents listed on the command line, and
also those loaded indirectly for example by calls on the <code>doc()</code> function or by mechanisms such as
<code>xsl:include</code> and <code>xs:include</code>.</p>

<p>From the Java API, the equivalent is to call <code>setXInclude()</code> on the <code>Configuration</code> object,
or to set the attribute denoted by <code>FeatureKeys.XINCLUDE</code> to <code>Boolean.TRUE</code> on the
<code>TransformerFactory</code>.</p>

<p>XInclude processing can be requested at a per-document level by creating an <code>AugmentedSource</code> and calling
its <code>setXIncludeAware()</code> method. The corresponding method is also recognized on Saxon's implementation of the
JAXP <code>DocumentBuilderFactory</code>. When the <code>doc()</code> or <code>document()</code> or <code>collection()</code>
function is called from an XPath expression, XInclude processing can be enabled by including <code>xinclude=yes</code>
among the query parameters in the URI.</p>

<p>It is also possible to switch on XInclude processing (for all documents) by setting the system property:</p>

<example>
-Dorg.apache.xerces.xni.parser.XMLParserConfiguration=
    org.apache.xerces.parsers.XIncludeParserConfiguration
</example>

<p>An alternative approach is to incorporate an XInclude processor as a SAX filter in the input pipeline.
You can find a suitable SAX filter at <a href="http://xincluder.sourceforge.net/">http://xincluder.sourceforge.net/</a>, and
you can incorporate it into your application as described at <xref page="input-filters">Writing Input Filters</xref>.</p>

<p>On the .NET platform, there is a customized <code>XmlReader</code> that performs XInclude processing available at
<a href="http://www.xmlmvp.org/xinclude/index.html">http://www.xmlmvp.org/xinclude/index.html</a>. You can supply 
this as an argument to the method <code>Build(XmlReader parser)</code> in the <code>DocumentBuilder</code> class
of the .NET Saxon API.</p>

<p>For further information on using XInclude, see 
<a href="http://www.sagehill.net/docbookxsl/Xinclude.html">http://www.sagehill.net/docbookxsl/Xinclude.html</a></p>
</page>

<page>
<h2 id="xml11">Saxon and XML 1.1</h2>

<p>XML 1.1 (with XML Namespaces 1.1) extends XML 1.0 in three ways:</p>

<ul>
<li><p>The set of valid characters is increased</p></li>
<li><p>The set of characters allowed in XML Names is increased</p></li>
<li><p>Namespace undeclarations are permitted.</p></li>
</ul>

<p>Saxon is capable of working with XML 1.1 input documents. If you want to use Saxon with XML 1.1, you
should set the option "-1.1" on the Saxon command line, or call the method 
<code>configuration.setXMLVersion(Configuration.XML11)</code> or, in the case of XSLT,
<code>transformerFactory.setAttribute(FeaturesKeys.XML_VERSION, "1.1")</code></p>

<p>This configuration setting affects:</p>

<ul>
<li><p>validation of names used in XQuery and XPath expressions, including names of elements, attributes,
functions, variables, and types</p></li>
<li><p>validation of names of constructed elements,
attributes, and processing instructions in XQuery and XSLT</p></li> 
<li><p>schema validation of values of type xs:NCName, xs:QName, xs:NOTATION, and xs:ID</p></li>
<li><p>the permitted names of stylesheet objects such as keys, templates, decimal-formats, output declarations, 
and output methods</p></li>
<li><p>the characters considered valid in the source of an XQuery query</p></li>
<li><p>the characters considered valid in the result of the functions codepoints-to-string() and unparsed-text()</p></li>
<li><p>the characters considered valid in the result of certain Saxon extension functions</p></li>
<li><p>the way in which line endings in XQuery queries are normalized</p></li>
<li><p>the default version used by the serializer (with output method XML)</p></li>
</ul>

<p>Note that if you use the default setting of "1.0", then supplying an XML 1.1 source document as input
may cause undefined errors.</p>

<p>It is advisable to use an XML parser that supports XML 1.1 when the configuration is set to "1.1", and
an XML parser that does not support XML 1.1 when the configuration is set to "1.0". However, Saxon does
not enforce this.</p>

<p>You can set the configuration to allow XML 1.1, but still serialize result documents as XML 1.0 by
specifying the output property <code>version="1.0"</code>. In this case Saxon will check while serializing
the document that it conforms to the XML 1.0 constraints (note that this check can be expensive). These checks
are not performed if the configuration default is set to XML 1.0.</p>

<p>If you want the serializer to output namespace undeclarations, use the output property 
<code>undeclare-namespaces="yes"</code> as well as <code>version="1.1"</code>.</p>

</page>

<page>
<h2 id="jaxpsources">JAXP Source Types</h2>

<p><i>This section is relevant to the Java platform only.</i></p>

<p>When a user application invokes Saxon via the Java API, then a source document is supplied as an 
instance of the JAXP <code>Source</code> class. This is true whether invoking an XSLT transformation,
an XQuery query, or a free-standing XPath expression. The <code>Source</code> class
is essentially a marker interface. The <code>Source</code>
that is supplied must be a kind of <code>Source</code> that Saxon recognizes.</p>

<p>Saxon recognizes the three kinds of <code>Source</code> defined in JAXP: a <code>StreamSource</code>,
a <code>SAXSource</code>, and a <code>DOMSource</code>. If a <code>DOMSource</code> is to be used, then
the Saxon DOM support classes in <code>saxon8-dom.jar</code> must be on the class path.</p>

<p>Nodes in Saxon's implementation of the XPath data model are represented by the interface
<code>net.sf.saxon.NodeInfo</code>. A <code>NodeInfo</code> is itself a <code>Source</code>, which means
that any method in the API that requires a source object will accept any implementation of 
<code>net.sf.saxon.NodeInfo</code>.</p>

<p>Saxon also provides a class <code>net.sf.saxon.AugmentedSource</code> which implements the <code>Source</code>
interface. This class encapsulates one of the standard <code>Source</code> objects, and allows additional processing
options to be specified. These options include whitespace handling, schema and DTD validation, XInclude processing,
error handling, choice of XML parser, and choice of Saxon tree model.</p>

<p>Saxon allows additional <code>Source</code> types to be supported by registering a <code>SourceResolver</code>
with the <code>Configuration</code> object. The task of a <code>SourceResolver</code> is to convert a
<code>Source</code> that Saxon does not recognize into a <code>Source</code> that it does recognize.
For example, this may be done by building the document tree in memory and returning the <code>NodeInfo</code>
object representing the root of the tree.</p>

</page>

<page>
<h2 id="thirdparty">Third-party Object Models: DOM, JDOM, XOM, and DOM4J</h2>

<p><i>This section is relevant to the Java platform only.</i></p>

<p>Saxon allows various third-party object models to be used to supply the input to a transformation or query.
Specifically, it supports DOM, JDOM, XOM, and DOM4J. For each of these models there is a support module in its own
JAR file: saxon8-dom.jar, saxon8-jdom.jar, saxon8-xom.jar, or saxon8-dom4j.jar. 
The relevant object model is not recognized unless the appropriate support module is on the classpath.</p>

<p>For DOM input, the source can be supplied by wrapping a <code>DOMSource</code> around the DOM
Document node. For JDOM, XOM, and DOM4J the approach is similar, except that the wrapper classes are supplied
by Saxon itself: they are <code>net.sf.saxon.jdom.DocumentWrapper</code>,
<code>net.sf.saxon.xom.DocumentWrapper</code>, and 
<code>net.sf.saxon.dom4j.DocumentWrapper</code>, and 
 respectively. These wrapper classes implement
the Saxon <code>NodeInfo</code> interface (which means that they also implement <code>Source</code>).</p>

<p>None of these models is likely to be as efficient as using Saxon's native tree model. For best performance,
you should avoid using a DOM, JDOM, XOM, or DOM4J source. These models should only be used if your application
needs to construct them for other reasons.</p>

<p>Saxon supports these models by wrapping each DOM, JDOM, XOM, or DOM4J node in a wrapper that implements
the Saxon <code>NodeInfo</code> interface. When nodes are returned by the XQuery or XPath API, these
wrappers are removed and the original node is returned. Similarly, the wrappers are generally removed when
extension functions expecting a node are called.</p>

<p>In the case of DOM only, Saxon also supports a wrapping the other way around: an object implementing
the DOM interface may be wrapped around a Saxon NodeInfo. This is done when Java methods expecting a
DOM Node are called as extension functions, if the NodeInfo is not itself a wrapper for a DOM Node.</p>

<p>You can also send output to a DOM by using a <code>DOMResult</code>, or to a JDOM tree by
using a <code>JDOMResult</code>. In such cases it is a good idea to set 
<code>saxon:require-well-formed="yes"</code> on <code>xsl:output</code> to ensure that the
transformation or query result is a well-formed document (for example, that it does not contain
several elements at the top level).</p>
</page>

<page>

<h2 id="choosingmodel">Choosing a Tree Model</h2>

<p>Saxon provides two implementations of the internal tree data structure (or tree model).
The tree model can be chosen by an option on the command line (-dt for the tiny tree, -ds
for the linked tree [previously known as the "standard tree"]) 
or from the Java API. The default is to use the tiny tree model.
The choice should make no difference to the results of a transformation (except the order
of attributes and namespace declarations) but only affects performance.</p>

<p><i>There is an exception to this: the "linked tree" model
(-ds) does not support type annotations. If you use Saxon-SA to annotate
element and attribute nodes, use the "tiny tree" (-dt).</i></p>

<p>Generally speaking, the tiny tree model is both faster to build and faster to navigate.
It also uses less space.</p>

<p>The tiny tree model gives most benefit when you are processing a large document. It uses
a lot less memory, so it can prevent thrashing when the size of document
is such that the linked tree doesn't fit in real memory.</p>

<p>The linked tree is used internally to represent stylesheet and schema modules because
of the programming convenience it offers: it allows element nodes on the tree to be
represented by custom classes for each kind of element.</p>

<p><i>If in doubt, stick with the default.</i></p>

</page>


 <page>
 <h2 id="ptree">The PTree File Format</h2>

 <p>Saxon-SA supports a file format called the PTree (persistent tree). This is a binary representation of an
 XML document. The PTree file is generally about the same size as the original document (perhaps 10% smaller),
 but it typically loads in about half the time. Storing a document as a PTree can therefore give a useful
 performance improvement when the same source document is used repeatedly as the input to many queries
 or transformations. Another benefit of the PTree is that it retains any type information that is present, 
 which means that the document does not need to be validated against its schema each time it is loaded. (The 
 schema, however, must be loaded whenever the document is loaded.)</p>

 <p>Two commands are available for converting XML documents into PTree files and vice versa. To create
 a PTree, use:</p>

 <command>java&#xa0;� com.saxonica.ptree.PTreeWriter source.xml result.ptree</command>

 <p>The option <code>-strip</code> causes all whitespace-only text nodes to be stripped in the process,
 which will often give a useful saving in space and therefore in loading time.</p>

 <p>To convert a PTree back to an XML document, use:</p>

 <command>java&#xa0;� com.saxonica.ptree.PTreeReader source.ptree result.xml</command>

<p>It is possible to apply a query or transformation directly to a PTree by specifying the <code>-p</code>
option on the command line for <code>com.saxonica.Transform</code> or <code>com.saxonica.Query</code>.
This option actually causes a different URIResolver, the <code>PTreeURIResolver</code>, to be used in 
place of the standard URIResolver. The <code>PTreeURIResolver</code> recognizes any URI ending in the
extension <code>.ptree</code> as an identifier for a file in PTree format. This extends to files loaded using the
<code>doc()</code> or <code>document()</code> functions: if the file extension is <code>.ptree</code>, the
file will be assumed to be in PTree format.</p>

<p>The result of a query or transformation can be serialized as a PTree file by specifying <code>saxon:ptree</code>
as the output method, where the namespace prefix <code>saxon</code> represents the URI
<code>http://saxon.sf.net/</code>.</p>

<p>The PTree format is designed to allow future Saxon releases to read files created using older releases. The
converse may not always be true: it might sometimes be impossible for release N to read a PTree file created
using release N+1.</p>

<p>The PTree format does not retain the base URI of the original file: when a PTree is loaded, the base URI is taken
as the URI of that file, not the original XML file. The PTree is a serialization of the XPath data model, so information
that isn't present in the data model will not be present in the PTree: for example, it will have no DTD and no
entity references or CDATA sections.</p>

<p>References to unparsed entities are not currently retained in a PTree.</p>

</page>

<page>
<h2 id="validation">Validation of Source Documents</h2>

<p>With Saxon-SA, source documents may be validated against a schema. Not only does this perform a check
that the document is valid, it also adds type information to each element and attribute node in the document to
identify the schema type against which it was validated. It may also expand the source document by adding
default values of elements and attributes.</p>

<p>If the <code>val</code> option is specified on the command line for <code>com.saxonica.Query</code>
or <code>com.saxonica.Transform</code>, then the principal source document to the query or transformation
is schema-validated, as is every document loaded using the <code>doc()</code> or <code>document()</code>
function. Saxon will look among all the loaded schemas for an element declaration that matches the outermost
element of the document, and will then check that the document is valid against that element declaration, reporting
a fatal error if it is not. The loaded schemas include schemas imported statically into the query or stylesheet
using <code>import schema</code> or <code>xsl:import-schema</code>, schemas referenced in the
<code>xsi:schemaLocation</code> or <code>xsi:noNamespaceSchemaLocation</code> attributes of the source
document itself, and schemas loaded by the application using the <code>addSchema</code> method of the
<code>Configuration</code> object.</p>

<p>As an alternative to <code>-val</code>, the option <code>-vlax</code> may be specified. This validates
the document if and only if an element declaration can be found. If there is no declaration of the outermost
element in any loaded schema, then it is left as an untyped document.</p>

<p>When invoking transformations or queries from the Java API, the equivalent of the <code>-val</code> option
is to call the method <code>setSchemaValidation(Validation.STRICT)</code> on the <code>Configuration</code>
object. The equivalent of <code>-vlax</code> is <code>setSchemaValidation(Validation.LAX)</code>.</p>

<p>It is possible from the Java API, or from a <code>URIResolver</code>, to request validation selectively
for some documents and not for others. This is done by returning an <code>AugmentedSource</code> object.
The <code>AugmentedSource</code> wraps an ordinary JAXP Source object, and contains a validation property
indicating whether strict or lax validation should be applied.</p>

<p>Saxon's standard <code>URIResolver</code> uses this technique if it has been enabled 
(for example by using <code>-p</code> on the command line). With this option,
any URI containing the query parameter <code>?validation=strict</code> (for example, <code>doc('source.xml?val=strict')</code>)
causes strict validation to be requested
for that document, while <code>?validation=lax</code> requests lax validation, 
and <code>?validation=strip</code> requests no validation.</p> 

</page>

<page>
<h2 id="whitespace">Whitespace Stripping in Source Documents</h2>

<p>A number of factors combine to determine whether whitespace-only text nodes in the source document
are visible to the user-written XSLT or XQuery code.</p>

<p>By default, if there is a DTD or schema, then <i>ignorable whitespace</i> is stripped from any source
document loaded from a <code>StreamSource</code> or <code>SAXSource</code>. Ignorable whitespace is defined
as the whitespace that appears separating the child elements in element declared to have element-only content.
This whitespace is removed regardless of any <code>xml:space</code> attributes in the source document.</p>

<p>This represents an incompatible change in Saxon 8.6 relative to previous versions; the change has been made
because this is now the standard approach defined in the W3C data model document.</p>

<p>It is possible to change this default behavior in several ways.</p>

<ul>
<li><p>From the Transform or Query command line, options are available: -sall strips all whitespace text nodes,
-snone strips no whitespace text nodes, and -signorable strips ignorable whitespace text nodes only
 (this is the default).</p></li>
<li><p>If the -p option is used on the command line, then query parameters are recognized in the URI passed to 
the <code>document()</code> or <code>doc()</code> function. The parameter <code>strip-space=yes</code> strips
all whitespace text nodes, <code>strip-space=no</code> strips
no whitespace text nodes, and <code>strip-space=ignorable</code> strips
ignorable whitespace text nodes only. This overrides anything specified on the command line.</p></li>
<li><p>Options corresponding to the above can also be set on the <code>TransformerFactory</code> object or on the
<code>Configuration</code>. These settings are global.</p></li>
</ul> 

<p>Whitespace stripping that is specified in any of the above ways occurs only if the source document is 
parsed: that is, if it supplied as a JAXP <code>StreamSource</code> or <code>SAXSource</code>.</p>

<p>This whitespace stripping is additional (and prior) to any stripping carried out as a result of the
<code>xsl:strip-space</code> declaration in the stylesheet.</p>
 
 </page>

<page size="1.1">
<h2 id="serial">Streaming of Large Documents</h2>

<p>Saxon 8.5 introduced a new optimization called <i>streaming copy</i>, 
specifically designed for processing of large
documents, where the need to allocate sufficient memory to hold the entire source tree is 
traditionally a problem.</p>

<p>This currently works only in XSLT, and is supported only in Saxon-SA (though the stylesheet
does not need to be schema-aware). It involves no new language constructs, but needs to be enabled
by means of the extension attribute <code>saxon:read-once="yes"</code>. It is invoked by
a stereotypical coding pattern that the optimizer recognizes and treats specially.</p>

<p>A very simple way of using this technique is when making a selective copy of parts of a document. 
For example, the following code
creates an output document containing all the <code>footnote</code> elements from the source document
that have the attribute <code>@type='endnote'</code>:</p>

<example><![CDATA[
<xsl:template name="main">
  <footnotes>
    <xsl:copy-of select="doc('thesis.xml')//footnote[@type='endnote']"
                   saxon:read-once="yes" xmlns:saxon="http://saxon.sf.net/"/>
  </footnotes>
</xsl:template>
]]></example>

<p>Note the restrictions below on the kind of predicate that may be used.</p>

<p>More typically, the copied nodes will be further processed. For example:</p>

<example><![CDATA[
<xsl:function name="f:customers">
 <xsl:copy-of select="doc('customers.xml')/*/customer"
                   saxon:read-once="yes" xmlns:saxon="http://saxon.sf.net/"/>
</xsl:function>

<xsl:template name="main">
  <xsl:apply-templates select="f:customers()"/>
</xsl:template>

<xsl:template match="customer">
  <xsl:value-of select="code, name, location" separator="|"/>
  <xsl:text>&#xa;</xsl:text>
</xsl:template>
]]></example>

<p>It's not necessary for such a stylesheet to have a principal source document, the transformation
can be invoked instead using the <code>-it main</code> option from the command line, or its equivalent 
in the Java API.</p>

<p>The important factors here are:</p>

<ul>
<li><p>The <code>xsl:copy-of</code> instruction must be used, with a select expression that starts
with a call on the <code>document()</code> or <code>doc()</code> function. The significance of this is
that because the instruction is making a copy of the nodes in the external document, there is no requirement
that the nodes returned by multiple attempts to access the same document should have the same identity.
Saxon therefore doesn't need to include the source document in its in-memory document pool.
(The "copy" is purely notional of course, since the original source tree corresponding to the
<code>customers.xml</code> document is never materialized.)</p></li>

<li><p>The path expression introduced by the call on <code>document()</code> or <code>doc</code> must conform
to a subset of XPath defined as follows:</p>

<ul><li><p>any XPath expression is acceptable if it conforms to the rules for path expressions appearing
 in identity constraints in XML Schema. These rules allow
no predicates; the first step (but only the first) can be introduced with "//"; the last step can optionally
use the attribute axis; all other steps must be simple Axis Steps using the child axis. </p></li>

<li><p>In addition, Saxon allows the expression to contain a union, for example <code>doc()/(*/ABC | */XYZ)</code>. 
Unions can also be expressed in abbreviated form, for example
the above can be written as <code>doc()/*/(ABC|XYZ)</code>.</p></li>

<li><p>Simple filters are also supported. The filter may apply to the last step or to the expression as a whole,
and it must only use downward selection from the context node (the self, child, attribute, descendant, 
descendant-or-self, or namespace axes). It must not be positional (that is, it must not reference position()
or last(), and must not be numeric: in fact, it must be such that Saxon can determine at compile time that it
will not be numeric). Filters cannot be applied to unions or to branches of unions. 
Any violation of these conditions causes the expression to be evaluated without the streaming optimization.</p></li>
</ul></li>

<li><p>It is not absolutely essential that the <code>xsl:copy-of</code> instruction is used within a function.
Placing it within a variable may be counterproductive, since all the selected data will then be held
in memory. However, this may be viable if the select expression selects only a small subset of the data
in the source document. It is also possible to use the <code>xsl:copy-of</code> instruction to copy the
selected elements from the source document directly to the result tree, without further processing.</p></li>

<li><p>The optimization is enabled only if the <code>saxon:read-once</code> attribute is present and is
set to "yes", and if the stylesheet is processed using Saxon-SA.</p></li>

<li><p>The optimization should not be enabled if the source document is read more than once in the course
of the transformation. There are two reasons for this: firstly, performance will be better in this case if the
document is read into memory; and secondly, when this optimization is used, there is no guarantee that the
<code>document()</code> function will be stable, that is, that it will return the same results when called
repeatedly with the same URI.</p></li>
</ul>

<p>The implementation of this facility typically uses multithreading. One thread (which operates as a push pipeline)
is used to read the source document and filter out the nodes selected by the path expression. The nodes are then
handed over to the main processing thread, which iterates over the selected nodes using an XPath pull pipeline.
Because multithreading is used, this facility is not used when tracing is enabled. It should also be disabled
when using a debugger (there is a method in the Configuration object to achieve this.)</p>

<p>In cases where the entire stylesheet can be evaluated in "push" mode (as in the first example above), 
there is no need for multithreading: the selected nodes are written directly to the current output destination.</p>

<p>Note that a tree is built for each selected node, and its subtree. Trees are also built for all nodes selected
by the path expression, whether or not the satisfy the filter (if they do not satisfy the filter, they will
be immediately discarded from memory). The saving in memory comes when these nodes
are processed one at a time, because each subtree can then be discarded as soon as it has been processed. There
is no benefit if the stylesheet needs to perform non-serial processing, such as sorting. There is also no benefit
if the path expression selects a node that contains most or all of the source document, for example its outermost
element.</p>

<p>Saxon can handle expressions that select nested nodes, for example <code>//section</code> where one section
contains another. However, the need to deliver nodes in document order makes the pipeline somewhat turbulent
in such cases, increasing memory usage.</p>

<p>Serial processing in this way is not actually faster than conventional processing (in fact, when multithreading
is required,
it may only run at half the speed). Its big advantage is that it saves memory, thus making it possible to 
process documents that would otherwise be too large for XSLT to handle. There may also be environments
where the multithreading enables greater use of the processor capacity available. 
To run without this optimization,
either change the <code>xsl:copy-of</code> instruction to <code>xsl:sequence</code>,
or set <code>saxon:read-once</code> to "no".</p>

</page>


</body>
</html>
