<?xml version="1.0"?><html section="sql-extension" xmlns:xsi="http://www.w3.org/2001/XMLSchema-instance" xsi:noNamespaceSchemaLocation="file:///c:/MyJava/doc/saxon8/saxon-doc-schema.xsd">

<head>
  <title>The Saxon SQL Extension</title>

</head>

<body>

<h1>The Saxon SQL Extension</h1>
<page>
<h2 id="intro">Introduction</h2>

<p>The Saxon distribution includes a set of extension elements providing access to
SQL databases. These are not intended as being necessarily a production-quality piece
of software (there are many limitations in the design), but more as an illustration of
how extension elements can be used to enhance the capability of the processor.</p>



<p>To use the SQL extension elements in a stylesheet, you need to define a namespace prefix
(for example "sql") in the extension-element-prefixes attribute of the xsl:stylesheet element,
and to map this prefix to namespace URI that ends in "/net.sf.saxon.sql.SQLElementFactory".</p>

<p>This extension defines seven new stylesheet elements: <code>sql:connect</code>, <code>sql:query</code>, 
<code>sql:insert</code>, <code>sql:column</code>, <code>sql:update</code>, <code>sql:delete</code>,
and <code>sql:close</code>, described in the following sections.</p>

<p><i>Note: this extension has not been tested on the .NET platform.</i></p>

</page>
<page>

<h2 id="connect">sql:connect</h2>

<p><code>sql:connect</code> creates a database connection. It has attributes <code>driver</code>,
 <code>database</code>, <code>user</code>, and <code>password</code>,
all of which are attribute value templates (so the values can be passed in as parameters).
The <code>driver</code> attribute names the JDBC driver class to be used. The
database name must be a name that JDBC can associate with an actual database.</p>

<p>The <code>sql:connect</code> instruction returns a database connection as a value, specifically
a value of type "external object", which can be referred to using the type 
<code>java:java.sql.Connection</code>. Typically
the value will be assigned to a variable using the construct:</p>

<example>&lt;xsl:variable name="connection" 
              as="java:java.sql.Connection" 
              xmlns:java="http://saxon.sf.net/java-type"&gt;
  &lt;sql:connect database="jdbc:odbc:testdb" 
              driver="sun.jdbc.odbc.JdbcOdbcDriver" 
              xsl:extension-element-prefixes="sql"/&gt;
&lt;/xsl:variable&gt;
</example>

<p>This can be a global variable or a local variable; if local, it can be passed to other templates
as a parameter in the normal way. The connection is used on instructions such as <code>sql:insert</code>
and <code>sql:query</code> with an attribute such as <code>connection="$connection"</code>; the value
of the <code>connection</code> attribute is an expression that returns a database connection object.</p>

</page>      
<page>
<h2 id="query">sql:query</h2>

<p><code>sql:query</code> performs a query, and writes the results of the query to
the result tree, using elements to represent the rows and columns. If you want to process
the results in the stylesheet, you can write the results to a temporary tree by using
the <code>sql:query</code> instruction as a child of <code>xsl:variable</code>.
The attributes are as follows:</p>

<table>
<tr><td valign="top"><p>connection</p></td>
<td><p>The database connection.
This is mandatory, the value is an expression, which must evaluate to a database connection
object as returned by <code>sql:connect</code>.</p></td></tr>
<tr><td valign="top"><p>table</p></td>
<td><p>The table to be queried (the contents of the FROM clause of the select statement).
This is mandatory, the value is an attribute value template.</p></td></tr>
<tr><td valign="top"><p>column</p></td>
<td><p>The columns to be retrieved (the contents of the SELECT clause of the select statement).
May be "*" to retrieve all columns. This is mandatory, the value is an attribute value template.</p></td></tr>  
<tr><td valign="top"><p>where</p></td>
<td><p>The conditions to be applied (the contents of the WHERE clause of the select statement).
This is optional, if present the value is an attribute value template.</p></td></tr>
<tr><td valign="top"><p>row-tag</p></td>
<td><p>The element name to be used to contain each row. Must be a simple name (no colon
allowed). Default is "row".</p></td></tr>
<tr><td valign="top"><p>column-tag</p></td>
<td><p>The element name to be used to contain each column. Must be a simple name (no colon
allowed). Default is "col".</p></td></tr>
<tr><td valign="top"><p>disable-output-escaping</p></td>
<td><p>Allowed values are "yes" or "no", default is "no". The value "yes" causes the content of all
rows/columns to be output as is, without converting special characters such as "&lt;" to "&amp;lt;".
This is useful where the database contains XML or HTML markup that you want to be copied into the
result document. Use this option with care, however, since it applies to all the columns retrieved, not
only to those that contain XML or HTML. An alternative is to use the 
<xref section="extensions" page="functions" subpage="parse">saxon:parse</xref>
extension function to process the contents of an XML column.</p></td></tr>
</table>

</page>
<page>
<h2 id="insert">sql:insert and sql:column</h2>

<p><code>sql:insert</code> performs an SQL INSERT statement. This causes a row to be added to the table identified
by the "table" attribute. There is a mandatory <code>connection</code> attribute, used as in the <code>sql:query</code>
instruction described <xref page="query">above</xref>.</p>

<p><code>sql:column</code> is used as a child element of <code>sql:insert</code>, and identifies the name and value of a column
to be included in the INSERT statement. The name of the column is identified by the <code>name</code> attribute,
the value may be indicated either by evaluating the expression contained in the <code>select</code> attribute, or
as the expanded contents of the <code>sql:column</code> element. The value is always interpreted as a String.
(Remember this is purely a demonstration of extensibility, in a real system there would be a need to
cater for SQL columns of other data types).</p>

</page>

<page>
<h2 id="update">sql:update and sql:column</h2>

<p><code>sql:update</code> performs an SQL UPDATE statement. This causes a set of rows to be selected from a given table; columns
identified in a child <code>sql:column</code> element are then updated with new values.</p> 

<p>The attributes are as follows:</p>

<table>
<tr><td valign="top"><p>connection</p></td>
<td><p>The database connection.
This is mandatory, the value is an expression, which must evaluate to a database connection
object as returned by <code>sql:connect</code>.</p></td></tr>
<tr><td valign="top"><p>table</p></td>
<td><p>The table to be updated.
This is mandatory, and the value must be known statically (it cannot be defined as an attribute value template).</p></td></tr>
<tr><td valign="top"><p>where</p></td>
<td><p>The conditions to be applied (the contents of the WHERE clause of the select statement).
This is optional, if present the value is an attribute value template whose value is a SQL conditional expression. 
If omitted, all rows in the table are updated.</p></td></tr>
</table>

<p><code>sql:column</code> is used as a child element of <code>sql:update</code>, and identifies the name and value of a column
to be included in the UPDATE statement. The name of the column is identified by the <code>name</code> attribute,
the value may be indicated either by evaluating the expression contained in the <code>select</code> attribute, or
as the expanded contents of the <code>sql:column</code> element. The value is always interpreted as a String.
(Remember this is purely a demonstration of extensibility, in a real system there would be a need to
cater for SQL columns of other data types).</p>

</page>

<page>
<h2 id="delete">sql:delete</h2>

<p><code>sql:delete</code> performs an SQL DELETE statement. This causes a set of rows to be selected from a given table and deleted.</p> 

<p>The attributes are as follows:</p>

<table>
<tr><td valign="top"><p>connection</p></td>
<td><p>The database connection.
This is mandatory, the value is an expression, which must evaluate to a database connection
object as returned by <code>sql:connect</code>.</p></td></tr>
<tr><td valign="top"><p>table</p></td>
<td><p>The table containing the rows to be deleted.
This is mandatory, and the value must be known statically (it cannot be defined as an attribute value template).</p></td></tr>
<tr><td valign="top"><p>where</p></td>
<td><p>The conditions to be applied (the contents of the WHERE clause of the select statement).
This is optional, if present the value is an attribute value template whose value is a SQL conditional expression. 
If omitted, all rows in the table are deleted.</p></td></tr>
</table>

</page>

<page>
<h2 id="close">sql:close</h2>

<p><code>sql:close</code> closes the database connection.
There is a mandatory <code>connection</code> attribute, used as in the <code>sql:query</code>
instruction described above.</p>


</page>
<page>
<h2 id="example">Example</h2>

<p>A specimen stylesheet that uses these XSL extension is <b>books-sql.xsl</b>. This loads the contents
of the books.xml file into a database table, To use it, you need to create a database
database containing a table "Book" with three character columns,
"Title", "Author", and "Category"</p>

<p>Here is the stylesheet:</p>

<example>&lt;xsl:stylesheet
	xmlns:sql="java:/net.sf.saxon.sql.SQLElementFactory"
 	xmlns:xsl="http://www.w3.org/1999/XSL/Transform" version="1.0"
	xmlns:saxon="http://saxon.sf.net/"
 	extension-element-prefixes="saxon sql"&gt;

&lt;!-- insert your database details here, or supply them in parameters --&gt;
&lt;xsl:param name="driver" select="'sun.jdbc.odbc.JdbcOdbcDriver'"/&gt;
&lt;xsl:param name="database" select="'jdbc:odbc:test'"/&gt;  
&lt;xsl:param name="user"/&gt;
&lt;xsl:param name="password"/&gt;

&lt;!-- This stylesheet writes the book list to a SQL database --&gt;

&lt;xsl:variable name="count" select="0" saxon:assignable="yes"/&gt;

&lt;xsl:output method="xml" indent="yes"/&gt;

&lt;xsl:template match="BOOKLIST"&gt;
    &lt;xsl:if test="not(element-available('sql:connect'))"&gt;
        &lt;xsl:message&gt;sql:connect is not available&lt;/xsl:message&gt;
    &lt;/xsl:if&gt;
    
    &lt;xsl:message&gt;Connecting to &lt;xsl:value-of select="$database"/&gt;...&lt;/xsl:message&gt;

    &lt;xsl:variable name="connection" 
         as="java:java.sql.Connection" xmlns:java="http://saxon.sf.net/java-type"&gt;   
      &lt;sql:connect driver="{$driver}" database="{$database}" 
                 user="{$user}" password="{$password}"&gt;
        &lt;xsl:fallback&gt;
          &lt;xsl:message terminate="yes"&gt;SQL extensions are not installed&lt;/xsl:message&gt;
        &lt;/xsl:fallback&gt;
      &lt;/sql:connect&gt;
    &lt;/xsl:variable&gt;
    
    &lt;xsl:message&gt;Connected...&lt;/xsl:message&gt;
    
    &lt;xsl:apply-templates select="BOOKS"&gt;
      &lt;xsl:with-param name="connection" select="$connection"/&gt;
    &lt;/xsl:apply-templates&gt;
    
    &lt;xsl:message&gt;Inserted &lt;xsl:value-of select="$count"/&gt; records.&lt;/xsl:message&gt;

    &lt;xsl:variable name="book-table"&gt;
      &lt;sql:query connection="$connection" table="book" column="*" row-tag="book" column-tag="col"/&gt; 
    &lt;/xsl:variable&gt;
    
    &lt;xsl:message&gt;There are now &lt;xsl:value-of select="count($book-table//book)"/&gt; books.&lt;/xsl:message&gt;
    &lt;new-book-table&gt;
        &lt;xsl:copy-of select="$book-table"/&gt;
    &lt;/new-book-table&gt;
    
    &lt;sql:close connection="$connection"/&gt;
    
&lt;/xsl:template&gt;

&lt;xsl:template match="BOOKS"&gt;
    &lt;xsl:param name="connection"/&gt;
    &lt;xsl:for-each select="ITEM"&gt;
    	&lt;sql:insert connection="$connection" table="book"&gt;
    	    &lt;sql:column name="title" select="TITLE"/&gt;
            &lt;sql:column name="author" select="AUTHOR"/&gt;
            &lt;sql:column name="category" select="@CAT"/&gt;
    	&lt;/sql:insert&gt;
    	&lt;saxon:assign name="count" select="$count+1"/&gt;
    &lt;/xsl:for-each&gt;
&lt;/xsl:template&gt;

&lt;/xsl:stylesheet&gt;	
</example>

<p>To run this stylesheet you will need to do the following:</p>

<ul>
<li><p>Create a database (e.g. Microsoft Access) containing a table "Book" with three character columns,
"Title", "Author", and "Category".</p></li>
<li><p>Register this database as a JDBC data source. (If you use Microsoft Access, register it as an
ODBC data source called, say, Books, and then it will automatically be available under JDBC as
"jdbc:odbc:Books".</p></li>
<li><p>Modify the <code>&lt;sql:connect&gt;</code> element in the stylesheet to specify the correct JDBC connection
name for the database, and if necessary to supply a username and password. Alternatively you can
supply the driver class, database name, username, and password as parameters on the command line.</p></li>
<li><p>Execute the stylesheet from the command line, as follows:</p>


<command>
java   net.sf.saxon.Transform   data\books.xml   books-sql.xsl <br/>
</command></li></ul>

<p>The database will be populated with data from the <code>books.xml</code> document.</p>

</page>
<page>
<h2 id="warning">A Warning about Side-Effects</h2>

<p>XSLT does not guarantee the order of execution of instructions. In principle, the 
<code>sql:close</code> instruction could be evaluated before the <code>sql:query</code>
instruction, which would obviously be disastrous.</p>

<p>In practice, Saxon's order of execution for XSLT instructions is reasonably predictable
 unless you use variables, or unless you invoke stylesheet functions from within an XPath
 expression. Using the SQL extension instructions within templates that are directly invoked
 is thus fairly safe, but it is not a good idea to invoke them as a side-effect of computing
 a variable or invoking a function. The exceptions are <code>sql:connect</code> and
 <code>sql:query</code>: if you use these instructions to evaluate the content of a variable,
 then of course they will be executed before any instruction that uses the value of the
 variable.</p>
</page>
<!--
<hr/>
<p align="center" id="sig">Michael H. Kay<br/>
5 November 2003</p>
-->
</body>
</html>
