<?xml version="1.0"?><html section="using-xquery" xmlns:xsi="http://www.w3.org/2001/XMLSchema-instance" xsi:noNamespaceSchemaLocation="file:///c:/MyJava/doc/saxon8/saxon-doc-schema.xsd">

<head>
  <title>Using XQuery</title>
</head>


<body><h1>Using XQuery</h1>


<page><h2 id="intro">Introduction</h2>
<p>This section describes how to use Saxon as an XQuery processor, either from the command line,
or from the Java API.</p>

<p>For details of the .NET API, see <xref section="dotnet" page="dotnetapi">Saxon API for .NET</xref></p>




<p>The run-time code in Saxon that supports XQuery and XSLT is identical, reflecting the fact that
they have very similar semantics. Most of the compile-time code (in particular, the
type checking logic and the optimizer) is also common. The XQuery support in Saxon consists essentially
of an XQuery parser (which is itself an extension of the XPath parser); the parser
generates the same internal interpretable code as the XSLT processor.</p>


<p>The XQuery processor may be invoked either from the operating system command line,
or via an API from a user-written application. There is no graphical user interface provided.</p>

<p>Saxon is an in-memory processor. Whether you use XSLT or XQuery, Saxon is designed
to process source documents that fit in memory. Saxon has been used successfully to process
source documents of 100Mbytes or more, but if you attempt anything this large, you need to be
aware (a) that you will need to allocate sufficient memory to the Java VM (at least 5 times the size
of the source document), and (b) that complex FLWOR expressions may be very time-consuming to
execute (In this scenario, Saxon-SA is recommended, because it has a more powerful optimizer for
complex joins). </p>

<p><i>For details of how to set up collation URIs for use in XQuery,
see <xref section="extensibility" page="collation">Implementing a Collating Sequence</xref></i></p>

</page>
<page>

<h2 id="commandline">Running XQuery from the Command Line</h2>

<p>A command is available to run a query contained in a file. The form of
command on the Java platform is:</p>

<command>java  net.sf.saxon.Query   [options]   query   [ <i>params...</i>]
</command>

<p>On the .NET platform, the command is simply:</p>

<command>Query   [options]   query   [ <i>params...</i>]
</command>

<p>The options must come first, then the file name containing the query, then the params.</p>

<p>The options are as follows (in any order): </p>

<table>

<tr><td valign="top"><p>-cr classname</p></td>
<td><p>Use the specified CollectionURIResolver to process collection URIs passed to the
<code>collection()</code> function.
 The CollectionURIResolver is a user-defined class
that implements the <code>net.sf.saxon.CollectionURIResolver</code> interface.</p></td></tr>

<tr><td valign="top" width="20%"><p>-ds</p></td>
<td><p>Use the linked tree model for source documents. 
See <xref section="using-xsl" page="choosingmodel">Choosing a Tree Model</xref>.
</p></td></tr>

<tr><td valign="top" width="20%"><p>-dt</p></td>
<td><p>Use the "tinytree" tree model for source documents. This is the default tree model.
See <xref section="using-xsl" page="choosingmodel">Choosing a Tree Model</xref>. 
</p></td></tr>

<tr><td valign="top" width="20%"><p>-e</p></td>
<td><p>Display a query execution plan. This is a representation of the
expression tree after rewriting by the optimizer.</p></td></tr>

<tr><td valign="top" width="20%"><p>-l</p></td>
<td><p>Causes line numbers to be maintained for source documents. These are accessible
using the extension function <code>saxon:line-number()</code>. Line numbers are useful
when the purpose of the query is to find errors or anomalies in the source XML file.
Without this option, line numbers are available while source documents are being parsed
and validated, but they are not retained in the tree representation of the document.</p></td></tr>

<tr><td valign="top"><p>-mr classname</p></td>
<td><p>Use the specified ModuleURIResolver to process all query module URIs.
 The ModuleURIResolver is a user-defined class
that implements the <code>net.sf.saxon.query.ModuleURIResolver</code> interface.
 It is invoked to process URIs used in the <code>import module</code> declaration in the query prolog,
 and (if -u is also specified, or if the file name begins with "http:" or "file:") to process the URI
of the query source file provided on the command line.</p></td></tr>


<tr><td valign="top" width="20%"><p>-noext</p></td>
<td><p>Prevents the query calling external Java functions. This is useful for safety if the query
is untrusted. 
</p></td></tr>


<tr><td valign="top" width="20%"><p>-o filename</p></td>
<td><p>Send output to named file. In the absence of this option, the results go to standard output.
The output format depends on whether the -wrap option is present.
</p></td></tr>

<tr><td valign="top"><p>-p</p></td>
<td><p>Use the PTreeURIResolver. This option is available in Saxon-SA only. It cannot be used in conjunction
with the -r option, and it automatically switches on the -u and -sa options. The effect is twofold. Firstly, Saxon-specific
file extensions are recognized in URIs (including the URI of the source document on the command line). Currently
the only Saxon-specific file extension is <code>.ptree</code>, which indicates that the source document is supplied
in the form of a Saxon PTree. This is a binary representation of an XML document, designed for speed of loading.
Secondly, Saxon-specific query parameters are recognized in a URI. Currently the only query parameter that is
recognized is <code>val</code>. This may take the values <code>strict</code>, <code>lax</code>, or <code>strip</code>.
For example, <code>source.xml?validation=strict</code> loads a document with strict schema validation.
</p></td></tr>

<tr><td valign="top" width="20%"><p>-pull</p></td>
<td><p>Execute query in pull mode. This may give performance advantages for certain kinds of query,
especially queries that construct intermediate trees in memory.
</p></td></tr>

<tr><td valign="top"><p>-r classname</p></td>
<td><p>Use the specified URIResolver to process all URIs. The URIResolver is a user-defined class,
that implements the URIResolver interface defined in JAXP, whose function is to take a URI supplied as
a string, and return a SAX InputSource. It is invoked to process URIs used in the doc() function,
 and (if -u is also specified) to process the URI
of the source file provided on the command line.</p></td></tr>

<tr><td valign="top"><p>-s filename-or-URI</p></td>
<td><p>Take input from the specified file. If the -u option is specified, or if the name begins with "file:"
or "http:", then the name is assumed to be a URI rather than a filename. This file must contain an
XML document. The document node of the document is made available to the query as the context item. 
The source document can be
specified as "-" to take the source from standard input. </p></td></tr>

<tr><td valign="top"><p>-sall</p></td>
<td><p>Strips all whitespace text nodes from source documents before any further processing,
regardless of any 
<code>xml:space</code> attributes in the source document.</p></td></tr>

<tr><td valign="top"><p>-signorable</p></td>
<td><p>Strips all ignorable whitespace text nodes from source documents before any further processing,
regardless of any
<code>xml:space</code> attributes in the source document. Whitespace text nodes are ignorable
if they appear in elements defined in the DTD or schema as having element-only content.</p></td></tr>

<tr><td valign="top"><p>-snone</p></td>
<td><p>Strips no whitespace before further processing.</p></td></tr>

<tr><td valign="top"><p>-strip</p></td>
<td><p>Equivalent to -sall: retained for compatibility.</p></td></tr>

<tr><td valign="top"><p>-t</p></td>
<td><p>Display version and timing information to the standard error output. The output also traces
the files that are read and written, and extension modules that are loaded.</p></td></tr>

<tr><td valign="top"><p>-T</p></td>
<td><p>Enable execution tracing. This will cause a trace of the query execution to be output
to the standard error output. The events that are traced are currently function calls (entry
and exit) and element construction.</p></td></tr>

<tr><td valign="top"><p>-TJ</p></td>
<td><p>Switches on tracing of the binding of calls to external Java methods.
This is useful when analyzing why Saxon fails to find a Java method to match
an extension function call in the stylesheet, or why it chooses one method over another when several
are available.</p></td></tr>

<tr><td valign="top"><p>-u</p></td>
<td><p>Indicates that the name of the source document is a URI;
otherwise it is taken as a filename, unless it starts with "http:" or "file:", in which
case they it is taken as a URL.</p></td></tr>

<tr><td valign="top"><p>-v</p></td>
<td><p>Indicates that source documents are to be parsed using a validating parser
(this invokes DTD validation, not schema validation).</p></td></tr>

<tr><td valign="top"><p>-val</p></td>
<td><p>This option is available only with Saxon-SA, and it automatically switches on the -sa option.
It requests strict validation of source documents using an XML Schema.</p></td></tr>

<tr><td valign="top"><p>-vlax</p></td>
<td><p>This option is available only with Saxon-SA, and it automatically switches on the -sa option.
It requests lax validation of source documents using an XML Schema. That is, the
document will be validated if a suitable schema is available, and will not be validated
otherwise.</p></td></tr>

<tr><td valign="top"><p>-vw</p></td>
<td><p>Indicates that validation errors found when validating the result tree should be treated as warnings only.
This option is available only with the Saxon-SA version of the command, <code>com.saxonica.Query</code>.</p></td></tr>

<tr><td valign="top"><p>-wrap</p></td>
<td><p>Wraps the result sequence in an XML element structure that indicates the type of each node or
atomic value in the query result. This format can handle any type of query result. In the
absence of this option, the command effectively wraps a <code>document{}</code> constructor
around the supplied query, so that the result is a single XML document, which is then serialized.
This will fail if the query result includes constructs that cannot be added to a document node
in this way, notably free-standing attribute nodes.</p></td></tr>

<tr><td valign="top"><p>-xi</p></td>
<td><p>Apply XInclude processing to all input XML documents (including schema documents as
well as source documents). This currently only works when documents are parsed using the Xerces
parser, which is the default in JDK 1.5 and later.</p></td></tr>

<tr><td valign="top"><p>-1.1</p></td>
<td><p>Allow XML 1.1 and XML Namespaces 1.1 constructs. This option must be set if source documents 
using XML 1.1 are to be read, or if result documents are to be serialized as XML 1.1. This option
also enables use of XML 1.1 constructs within the query itself.</p></td></tr>

<tr><td valign="top"><p>-?</p></td><td><p>Display command syntax</p></td></tr>


<tr><td valign="top"><p>query</p></td>
<td><p>Identifies the file containing the query. Mandatory. The argument can be
specified as "-" to read the query from standard input. The query can also be specified
inline by enclosing it in curly braces (if it contains spaces, you will also need quotes
outside the curly braces to keep the command line processor happy). 
For example <code>java net.sf.saxon.Query {doc('a.xml')//p[1]}</code> selects elements
within the file a.xml in the current directory.</p></td></tr>

</table>

<p>A <i>param</i> takes the form <code>name=value</code>, <i>name</i> being the
name of the parameter, and <i>value</i> the value of the parameter. These parameters are
accessible within the query as external variables, using the <code>$name</code> syntax, provided
they are declared in the query prolog. If there is no such declaration, the supplied
 parameter value is silently ignored.</p>

<p>A <i>param</i> preceded by a leading plus sign (+) is interpreted as a filename or directory.
The content of the file is parsed as XML, and the resulting document node is passed to the stylesheet
as the value of the parameter. If the parameter value is a directory, then all the immediately contained
files are parsed as XML, and the resulting sequence of document nodes is passed as the value of the
parameter. For example, <code>+lookup=lookup.xml</code> sets the value of the external variable
<code>lookup</code> to the document node at the root of the tree representing the parsed contents
of the file <code>lookup.xml</code>.</p>
 
<p>A <i>param</i> preceded by a leading exclamation mark is interpreted as a serialization parameter.
For example, <code>!indent=yes</code> requests indented output, and <code>!encoding=iso-8859-1</code>
requests that the serialized output be in ISO 8859/1 encoding. This is equivalent to specifying
the option declaration <code>declare option saxon:output "indent=yes";</code> or 
<code>declare option saxon:output "encoding=iso-8859-1";</code>
in the query prolog.</p>

<p>Under Windows, and some other operating systems, it is possible to supply a value containing
spaces by enclosing it in double quotes, for example <code>name="John Smith"</code>. This is a feature
of the operating system shell, not something Saxon does, so it may not work the
same way under every operating system.</p>

<p>If the parameter name is in a non-null namespace, the parameter can be given a value using
the syntax <code>{uri}localname=value</code>. Here <code>uri</code> is the namespace URI of the
parameter's name, and <code>localname</code> is the local part of the name.</p>

<p>This applies also to output parameters. For example, you can set the indentation level to 4 by
using the parameter <code>!{http://saxon.sf.net/}indent-spaces=4</code>. For the extended set of
output parameters supported by Saxon, see 
<xref section="extensions" page="output-extras">Additional serialization parameters</xref>.</p>

</page> 

<page><h2 id="xqj">Invoking XQuery using the XQJ API</h2>

<p>XQJ (XQuery API for Java) is a proposed vendor-neutral API for invoking XQuery from
Java applications. It is currently published as "Early Draft Review 2"
(JSR 225) at <a href="http://jcp.org/en/jsr/detail?id=225">http://jcp.org/en/jsr/detail?id=225</a>. 
Saxon 8.8 includes an almost-complete implementation of this API.</p>

<p>For information on how to use the API, please see the JSR 225 documentation.
Note that the interface is subject to (perhaps extensive) change.</p>

<p>Saxon's implementation of XQJ, together with the XQJ interface definitions themselves, is
packaged in the JAR file saxon8-xqj.jar. Note that the XQJ interfaces have been renamed from 
package <code>javax.xml.xquery</code> to <code>net.sf.saxon.javax.xml.xquery</code>. This is
to avoid conflicts with other versions of XQJ, since the interfaces are not yet stable.</p>

<p>XQJ has many similarities with JDBC, and its general style is that of a client-server API
in which the application opens a "connection" to a database. This of course does not fit the
Saxon in-process model particularly well; on the other hand, apart from the terminology and the
use of some methods (such as the ability to set a connection timeout) that make little sense in
a Saxon context, the API works equally well in an environment like Saxon where the XQuery processor
is invoked directly and runs within the same Java VM as the client application.</p>

<p>The samples directory in the issued saxon-resources download file includes a Java test application,
XQJExamples.java, which illustrates some of the possible ways of invoking Saxon using the XQJ interface.</p>

<p>Note that Saxon will generally only recognize its own implementation of XQJ interfaces. For example,
the interface XQDynamicContext includes a method bindContextItem that allows the context item to be supplied.
The type of the argument is XQItem: however, Saxon will only accept an XQItem that was created by its own
implementations of the factory methods in XQDataFactory.</p>

<p>Unlike JAXP interfaces, XQJ does not include an implementation-independent factory class. Instead,
you start the process by calling:</p>

<example>new SaxonXQDataSource()</example>

<p>From the <code>XQDataSource</code> you can call <code>getConnection()</code> to get a connection,
and from the connection you can call <code>prepareExpression()</code> to compile a query. The resulting
<code>XQPreparedExpression</code> object has a method <code>executeQuery()</code> allowing the query
to be evaluated. The result of the query evaluation is an <code>XQSequence</code>, which acts as a cursor
or iterator: it has a <code>next()</code> method allowing you to change the current position, and a
<code>getItem</code> method allowing you to retrieve the item at the current position. The result
of <code>getItem</code> is an <code>XQItem</code> object, and this has methods allowing you to determine
the item type, and to convert the item into a suitable Java object or value.</p> 

</page>

<page>

<h2 id="embedding">Invoking XQuery from an application</h2>

<p><i>This page and the following pages describe Saxon's native Java API for XQuery. For the new XQJ
interface, see <xref page="xqj">Invoking XQuery using the XQJ API</xref>. For .NET interfaces, see
<xref section="dotnet" page="dotnetapi">Saxon API for .NET</xref>.</i></p>


<p>Rather than using the query processor from the command line, you may want to issue queries from your
own application, perhaps one that enables it to be used within an applet or servlet. If you run
the processor repeatedly, this will always be much faster than running it each time from
 a command line, even if it handles a different query each time.</p>

<p>In the absence of a standard API for XQuery, so Saxon provides its own. It is fully described
in the JavaDoc included in the download: look for the package <code>net.sf.saxon.query</code>.
The starting point is the class <code>QueryStaticContext</code>. What follows here is an
overview. For an example of how the API can be used, take a look at the source code for the class
<code>QueryAPIExamples</code> in the <code>samples/java</code> directory.</p>

<p>The first thing you need to do is to create a <code>net.sf.saxon.Configuration</code> object.
This holds values of all the system settings, corresponding to flags available on the command line.
You don't need to set any properties in the <code>Configuration</code> object if you are happy
with the default settings.</p>

<p><i>For schema-aware processing, assuming you are using the schema-aware version of Saxon, 
create an instance of
<code>com.saxonica.validate.SchemaAwareConfiguration</code>, which is a subclass of
<code>Configuration</code>.</i></p>

<p>Then you need to create a <code>net.sf.saxon.query.StaticQueryContext</code> object. As the name
implies, this holds information about the static (compile-time) context for a query. Most aspects
of the static context can be defined in the Query Prolog, but this object allows you to initialize
the static context from the application instead if you need to. Some of the facilities provided are
very much for advanced users only, for example the ability to declare variables and functions, and
the ability to specify a NamePool to be used. One aspect of the static context that you may need
to use is the ability to declare collations. Using the method <code>declareCollation</code> you can
create a mapping between a collation URI (which can then be used anywhere in the Query) and a Java
<code>Comparator</code> object used to implement that collation.</p>



<p>The <code>StaticQueryContext</code> object can now be used to compile a Query. The text of the
Query can be supplied either as a <code>String</code> or as a Java <code>Reader</code>. There
are thus two different <code>compileQuery</code> methods. Each of them returns the compiled
query in the form of an <code>XQueryExpression</code>. The <code>XQueryExpression</code>, as you would expect,
can be executed repeatedly, as often as you want, in the same or in different threads.</p>

<p>For example:</p>

<example>
Configuration config = new Configuration();
StaticQueryContext staticContext = 
        new StaticQueryContext(config);
XQueryExpression exp = 
        staticContext.compileQuery("count(//ITEM)");
</example>

<p><i>Note: the <code>StaticQueryContext</code> object no longer gets updated by the query parser with additional
information defined in the query prolog. It is therefore no longer necessary to create a 
new <code>StaticQueryContext</code> object for each query you compile. This also means that you can't
use the <code>StaticQueryContext</code> to obtain information about the query you have just compiled;
instead, use the internal <code>StaticQueryContext</code> object created by Saxon, which is available
using the <code>getStaticContext()</code> method on the <code>XQueryExpression</code> object.</i></p>

<p>You can optionally register a <code>ModuleURIResolver</code> with the 
<code>Configuration</code> (using the <code>setModuleURIResolver()</code> method).
This will be used to handle the URIs found in any <code>import module</code>
declaration. The resolver returns a set of JAXP <code>StreamSource</code>
objects, each containing either an <code>InputSource</code> or a <code>Reader</code>
providing access to the text of the query module. The <code>StreamSource</code> must
also contain a SystemId, representing the base URI of the query module. (Supply a <code>Reader</code>
if you want to handle encoding issues yourself, or an <code>InputSource</code>
if you want Saxon to deal with this.)</p>

<p>Before you run your query, you may want to build one or more trees representing
XML documents that can be used as input to your query. You don't need to do this: if the query
loads its source documents using the <code>doc()</code> function then this will be done
automatically, but doing it yourself gives you more control. A document node at the root of
a tree is represented in Saxon by the <code>net.sf.saxon.DocumentInfo</code> interface.
The <code>Configuration</code> provides a convenience method, <code>buildDocument()</code>,
that allows an instance of <code>DocumentInfo</code> to be constructed. The input parameter to
this is defined by the class <code>javax.xml.transform.Source</code>, which is part of the 
standard Java JAXP API: the <code>Source</code> interface is an umbrella for different kinds of
XML document source, including a <code>StreamSource</code> which parses raw XML from a byte
or character stream, <code>SAXSource</code> which takes the input from a SAX parser (or an
object that is simulating a SAX parser), and <code>DOMSource</code> which provides the input
from a DOM.</p>

<p>Saxon also provides a several additional implementations of the <code>Source</code> interface
that can be used as input to this method. Saxon's <code>DocumentInfo</code> and <code>NodeInfo</code>
classes both implement this interface, though this isn't useful for this particular method because
you will only have one of these once you have built the tree from some other source.
There are a number of wrapper classes that allow trees in other object models to be treated as
Saxon trees: <code>net.sf.saxon.jdom.DocumentWrapper</code> class for wrapping a JDOM document, 
<code>net.sf.saxon.xom.DocumentWrapper</code> for XOM, <code>net.sf.saxon.dom.DocumentWrapper</code> for DOM,
and <code>net.sf.saxon.dom4j.DocumentWrapper</code> for DOM4J.</p>
 
<p>The <code>net.sf.saxon.AugmentedSource</code> object
can wrap any other kind of <code>Source</code>, and provides additional options as to how the <code>Source</code>
should be processed, for example whether it should be validated against a schema, whether whitespace
should be stripped, and whether XInclude processing should take place.  Validation is only possible if
you created a <code>SchemaAwareConfiguration</code>.</p>

<p>To execute your compiled query, you need to create a <code>DynamicQueryContext</code> object
that holds the run-time context information. The main things you can set in the run-time context are:</p>

<ul>
<li><p>Values of parameters (external global variables). You can set these using the <code>setParameter()</code>
method. The mappings from Java classes to XQuery/XPath data types is the same as the mapping used for the
returned values from an external Java method call, and is described under 
<xref section="extensibility" page="function-result">Result of an Extension Function</xref>.</p></li>
<li><p>The context node can be set using the method <code>setContextNode()</code> or
<code>setContextItem()</code>.</p></li>
<li><p>You can also set a URIResolver and/or ErrorListener. These default to the ones that were
used during Query compilation.</p></li>
</ul>

<p>You are now ready to evaluate the query. There are several methods on the <code>QueryExpression</code>
object that you can use to achieve this. The <code>evaluate()</code> method returns the result sequence 
as a Java <code>java.util.List</code>. The <code>evaluateSingle()</code> method is suitable when you know
that the result sequence will contain a single item: this returns this item as an Object, or returns null
if the result is an empty sequence. There is also an <code>iterator</code> method that returns an iterator
over the results. This is a Saxon object of class <code>net.sf.saxon.om.SequenceIterator</code>: it is similar
to the standard Java iterator, but not quite identical; for example, it can throw exceptions. Finally,
there is a <code>run()</code> method, which executes the query, converts the results to an XML document,
and writes this document to a JAXP <code>Result</code> object, which may represent a DOM, a SAX ContentHandler,
or a serial output stream.</p>

<p>The <code>evaluate()</code> and <code>evaluateSingle()</code> methods return the result as a Java object
of the most appropriate type: for example a String is returned as a <code>java.lang.String</code>, a 
boolean as a <code>java.lang.Boolean</code>. A node is returned using the Saxon representation of a node,
<code>net.sf.saxon.om.NodeInfo</code>. With the standard and tinytree models, this object also implements
the DOM <code>Node</code> interface (but any attempt to update the node throws an error).</p>

<p>The <code>iterator()</code> method, by contrast, does not do any conversion of the result. It is returned
using its native Saxon representation, for example a String is returned as an instance of 
<code>sf.net.saxon.value.StringValue</code>. You can then use all the methods available on this class
to process the returned value.</p>

<p>The <code>run()</code> method is probably the most efficient in the case of queries that construct a new
document as their output, because it allows the nodes of the result document to be serialized (or sent to the
destination) as they are created, without creating a tree structure in memory first.</p>

<p>Here is a simple example for a query that returns a singleton integer result:</p>

<example>
DynamicQueryContext dynamicContext = 
        new DynamicQueryContext(config);
dynamicContext.setContextNode(
        config.buildDocument(
                new StreamSource(new File("books.xml"))));
Long count = (Long)exp.evaluateSingle(dynamicContext);
System.out.println("There are " + count.intValue() + " books");
</example>

<p>Here is an example where the query returns a list of nodes:</p>

<example>
XQueryExpression exp = staticContext.compileQuery("//ITEM/TITLE");
DynamicQueryContext dynamicContext = 
        new DynamicQueryContext(config);
dynamicContext.setContextNode(
        config.buildDocument(
                new StreamSource(new File("books.xml")));
SequenceIterator books = exp.iterator(dynamicContext);
while (true) {
    NodeInfo book = (NodeInfo)books.next();
    if (book==null) break;
    String title = book.getStringValue();
    System.out.println(title);
}
</example>

<p>If you want to process the results of the query in your application, that's all there is to it. But you
may want to output the results as serialized XML. Saxon provides two ways of doing this: you can produce
wrapped output, or raw output. Raw output works only if the result consists of a single document or element
node, and it outputs the subtree rooted at that element node in the form of a serialized XML document. The
simplest way to produce raw output is to use the <code>run()</code> method on the <code>XQueryExpression</code>
object, but you can also do it by retrieving the result as a SequenceIterator and passing this to the
<code>serialize()</code> method of the <code>QueryResult</code> class.</p>

<p>Wrapped
output works for any result sequence, for example a sequence of integers or a sequence of attribute and
comment nodes; this works by wrapping each item in the result sequence as an XML element, with details
of its type and value. To produce wrapped output, you first wrap the result sequence as an XML tree, and then serialize the
tree. This can be done using the <code>QueryResult</code> class. This class doesn't need to be
instantiated, its methods are static. The method <code>QueryResult.wrap</code> takes as input the iterator
produced by evaluating the query using the <code>iterator()</code> method, and produces as output
a <code>DocumentInfo</code> object representing the results wrapped as an XML tree. The method
<code>QueryResult.serialize</code> takes any document or element node as input, and writes it to
a specified destination, using specified output properties. The destination is supplied as an object
of class <code>javax.xml.transform.Result</code>. Like the <code>Source</code>, this is part of the
JAXP API, and allows the destination to be specified as a StreamResult (representing a byte stream or
character stream), a SAXResult (which wraps a SAX ContentHandler), or a DOMResult
 (which delivers the result as a DOM). The output properties are used only when writing to
 a StreamResult: they correspond to the properties available in the <code>xsl:output</code> element
 for XSLT. The property names are defined by constants in the JAXP <code>javax.xml.transform.OutputKeys</code>
 class (or <code>net.sf.saxon.event.SaxonOutputKeys</code> for Saxon extensions): for details of the
 values that are accepted, see the JavaDoc documentation or the JAXP specification.</p>
 
 <p>Here is an example that produces wrapped output:</p>
 
<example>
XQueryExpression exp = 
        staticContext.compileQuery("//ITEM");
DynamicQueryContext dynamicContext = 
        new DynamicQueryContext(config);
dynamicContext.setContextNode(
        config.buildDocument(
                new StreamSource(new File("books.xml")));
SequenceIterator books = exp.iterator(dynamicContext);
DocumentInfo resultDoc = QueryResult.wrap(books, config);
Properties props = new Properties();
props.setProperty(OutputKeys.METHOD, "xml");
props.setProperty(OutputKeys.INDENT, "yes");
QueryResult.serialize(resultDoc, 
        new StreamResult(System.out), props);
</example>

<p>This example produces output without wrapping:</p> 

<example>
XQueryExpression exp = staticContext.compileQuery("//ITEM");
DynamicQueryContext dynamicContext = 
        new DynamicQueryContext(config);
dynamicContext.setContextNode(
        config.buildDocument(
                new StreamSource(new File("books.xml")));
SequenceIterator books = exp.iterator(dynamicContext);
Properties props = new Properties();
props.setProperty(OutputKeys.METHOD, "xml");
props.setProperty(OutputKeys.INDENT, "no");
int nr = 1;
while (true) {
    NodeInfo book = (NodeInfo)books.next();
    if (book==null) break;
    System.out.println("===== BOOK " + nr + " =====");
    QueryResult.serialize(book, new StreamResult(System.out), props);
}     
</example>
<p>If the results do not need to be processed by the application, the same effect can be 
achieved more efficiently using the code shown below:</p>

<example>
XQueryExpression exp = staticContext.compileQuery("//ITEM");
DynamicQueryContext dynamicContext = 
        new DynamicQueryContext(config);
dynamicContext.setContextNode(
        config.buildDocument(
                new StreamSource(new File("books.xml")));
Properties props = new Properties();
props.setProperty(OutputKeys.METHOD, "xml");
props.setProperty(OutputKeys.INDENT, "no");
exp.run(dynamicContext, new StreamResult(System.out), props);           
</example>

</page>
<page>
<h2 id="callingfunctions">Calling XQuery Functions from Java</h2>

<p>Although the usual way to invoke XQuery from a Java application is to compile and execute a query
as described above, it is also possible to invoke individual XQuery functions directly from Java if required.
This interface is very efficient but performs less validation of parameters than the standard interface described above.
To achieve this, first compile the query as described above, specifying a query that includes one or more
<code>declare function</code> declarations in the query prolog. It is then possible to retrieve the 
<code>UserFunction</code> objects representing the compiled code of these functions, by calling the
<code>getUserDefinedFunction</code> method on the <code>StaticQueryContext</code> object.
As discussed above, the information is not held in the original <code>StaticQueryContext</code> object
(which Saxon does not alter), but in a modified copy which is obtainable from the <code>XQueryExpression</code>
object. Once found,
such a function can be called using its <code>call</code> method. The first argument to this is an array 
containing the values of the arguments. These must be supplied using Saxon's native classes, for example
an integer argument is supplied as an instance of <code>net.sf.saxon.value.IntegerValue</code>. These
values must be of the type expected by the function; no conversion or type checking takes place (which
means that a ClassCastException will probably occur if the wrong type of value is supplied). The second
argument to the <code>call</code> method is a <code>Controller</code>. A Controller can be obtained
by calling the <code>getController()</code> method on the <code>XQueryExpression</code> object. The same Controller
can be used for a series of separate function calls.</p>

<p>For example:</p>

<example><![CDATA[
StaticQueryContext sqc = 
        new StaticQueryContext(new Configuration());

XQueryExpression exp1 = sqc.compileQuery(
        "declare namespace f='f.ns';" +
        "declare function f:t1($p as xs:integer) { $p * $p };" +
        "declare function f:t2($p as xs:integer) { $p + $p };" +
        "1"
);

StaticQueryContext sqc2 = exp1.getStaticContext();
UserFunction fn1 = sqc2.getUserDefinedFunction("f.ns", "t1", 1);
UserFunction fn2 = sqc2.getUserDefinedFunction("f.ns", "t2", 1);
Controller controller = exp1.getController();

IntegerValue[] arglist = new IntegerValue[1];
for (int x=1; x<1000000; x++) {
    arglist[0] = new IntegerValue(x);
    Value v1 = fn1.call(arglist, controller);
    Value v2 = fn2.call(arglist, controller);
    System.err.println("Returned product " + v1 + "; sum =" + v2);
}]]></example>

</page>
<page>

<h2 id="resultformat">Result Format</h2>

<p>The result of a query is a sequence of nodes and atomic values - which means it is not, in general,
an XML document. This raises the question as to how the results should be output.</p>

<p>The Saxon command line processor for XQuery by default produces the output in raw format.
This converts the result sequence to a document following the rules of the XQuery <code>document{}</code>
constructor, and then serializes this document.</p>

<p>The alternative is wrapped format, requested using the <code>-wrap</code> argument.
This wraps the result sequence as an XML document,
and then serializes the resulting document. Each item in the result sequence is wrapped in an element
(such as <code>result:element</code> or <code>result:atomic-value</code>) according to its type. The sequence
as a whole is wrapped in a <code>result:sequence</code> element.</p>

</page>

<page>

<h2 id="querycompilation">Compiling Queries to Java code</h2>

<p>Saxon-SA (from release 8.9) provides the capability to compile a query to Java source code.
The Java source code can then be compiled to byte code in a class file, which can be executed in the
same way as any other Java program.</p>

<p>This is achieved by adding a code-generation phase to the existing query analysis phase. The query
analyzer generates an optimized expression tree in memory. In interpreted execution, the run time
system evaluates this expression tree directly. With compiled execution, the expression tree
is compiled to Java code. The Java code makes calls on the Saxon run-time to perform operations such
as navigating the source tree and serializing the output.</p>

<p>The following sections discuss Java code generation in more detail.</p>

<subpageindex/>

<subpage id="compilercommandline" title="Java Code Generation from the Command Line">

<p>The compilation is normally run from the command line, using the command:</p>

<command>java com.saxonica.CompileQuery [options] filename...</command>

<p>where <i>filename</i> is a list of XQuery source files to be compiled. It is also possible to
use wildcards, for example <code>*.xq</code> to compile all the queries in a directory.</p>

<p>The options are as follows:</p>

<table>
<tr><td valign="top"><p>Option</p></td><td><p>Meaning</p></td></tr>
<tr><td valign="top"><p>-package package-name</p></td><td><p>Name of the Java package to use for the generated class(es). By
default, the class(es) will not be in any package.</p></td></tr>
<tr><td valign="top"><p>-class class-name</p></td><td><p>The name of the class to be generated, excluding any
package name. Use only when compiling a single query. By
default, a class name is constructed from the last part of the input filename, using an algorithm that strips punctuation
and adds capitalization according to Java conventions.</p></td></tr>
<tr><td valign="top"><p>-jdir directory</p></td><td><p>Directory to hold the generated Java source code. If the source code is 
generated in a package, then subdirectories will be created as necessary to represent the package structure.</p></td></tr>
<tr><td valign="top"><p>-e</p></td><td><p>Explain: show the structure of the optimized query</p></td></tr>
<tr><td valign="top"><p>-servlet</p></td><td><p>Generate the Java code in the form of a servlet</p></td></tr>
<tr><td valign="top"><p>-superclass</p></td><td><p>Full name of the class to act as the superclass of the 
generated class. Only needed if you want to customize the behavior.
Typically a user-defined subclass of <code>com.saxonica.deploy.CompiledUserQuery</code> or
<code>com.saxonica.deploy.CompiledQueryServlet</code>.</p></td></tr>
<tr><td valign="top"><p>-t</p></td><td><p>Display progress information</p></td></tr>
<tr><td valign="top"><p>-sa</p></td><td><p>Query is schema-aware</p></td></tr>
</table>

<p>The Java code is generated in the requested file, and it must then be compiled using the Java compiler
in the normal way. The classes referenced by the generated code are all in <code>saxon8sa.jar</code>,
which must be on the compiler classpath.</p>

</subpage>

<subpage id="runningcompiledfromcommandline" title="Running Compiled Code from the Command Line">

<p><i>This section does not apply to code generated with the <code>-servlet</code> option.</i></p>

<p>The generated Java code has a main() method allowing it to be run directly from the command
line. This is not the most efficient way of running a query, because of the overhead of starting up
the Java runtime; but it is useful when testing, or to execute a long-running "batch" query.</p>

<p>The query is run in the same way as any other Java program:</p>

<command>java <i>query-class</i> [options] [keyword=value]...</command>

<p>Note that the classpath must include <code>saxon8sa.jar</code> as well as the directory in which
the Saxon-SA license file is installed.</p>

<p>The options available on the command line are as follows:</p>

<table>
<tr><td><p>Option</p></td><td><p>Meaning</p></td></tr>
<tr><td><p>-s source-file</p></td><td><p>XML source file to be assigned to the initial context node</p></td></tr>
<tr><td><p>-t</p></td><td><p>Display timing, version, and progress information</p></td></tr>
<tr><td><p>-o output-file</p></td><td><p>File to hold the serialized output of the query</p></td></tr>
<tr><td><p>-val</p></td><td><p>Apply strict schema validation to input files.</p></td></tr>
<tr><td><p>-vlax</p></td><td><p>Apply lax schema validation to input files</p></td></tr>
</table>

<p>A keyword=value pair is used to supply the value of an external variable defined in the
query prolog. If the variable name is in a namespace, the keyword should use Clark notation, that
is "{uri}localname". The value is interpreted as an untypedAtomic value, and will be converted
to the required type of the variable using the function conversion rules (for example if the
variable <code>start</code> is declared as an integer, then the value can be supplied in the form
<code>start=42</code>).</p>

<p>The notation <code>+keyword=filename</code> can be used to initialize an external variable to
hold the document node of an XML document identified by the given filename.</p>

<p>The notation <code>!keyword=value</code> can be used to set serialization parameters. For example
<code>!indent=yes</code> causes the output to be indented.</p>

<p>Note that there is no option on the command line to load additional schema documents. Schema
components that are needed during query execution must be derived either from schema documents that
were imported into the query at compile time, or must be referenced using <code>xsi:schemaLocation</code>
in a source document.</p>


</subpage>


<subpage id="runningcompiledasservlet" title="Running a Compiled Query as a Servlet">

<p>If a query has been compiled as a servlet, the class file should be installed in the relevant application
directory of the servlet container, and registered in the <code>web.xml</code> configuration file
in the normal way.</p>

<p>The query can then be invoked using an HTTP GET request using the name assigned to the servlet
in the configuration file</p>

<p>By default (see below) it is possible to specify query parameters in the URL used to invoke the query. For example if the URL
is <code>http://localhost:8080/servet/qexample?x=10&amp;y=20</code>, and if the query body declares external variables
$x and $y, then these will be initialized to the values 10 and 20.</p>

<p>The query output will be serialized and written to the HTTP response stream. Serialization parameters
can be written within the query using the <code>saxon:output</code> option declaration.</p>

<p>When you compile a query as a servlet, the Java class generated will extend 
<code>com.saxonica.deploy.CompiledQueryServlet</code>. Alternatively, you can nominate a superclass for the
generated code, which should itself subclass <code>CompiledQueryServlet</code>, giving you more control
over the behavior of the servlet, for example the way in which parameters are supplied. This is particularly
useful if different servlets are to share resources such as access to in-memory documents.</p>

<p>During servlet initialization, the init() method attempts to determine whether the servlet context
 includes an attribute named <code>com.saxonica.servlet.applicationdata</code> that is an instance of the
 interface <code>SharedApplicationDataHandler</code>. If this object exists, it is called on each servlet 
 request, at which
 point it has the opportunity to configure the <code>Controller</code> for the query execution, 
 for example by supplying
 parameter values, setting a <code>URIResolver</code>, or otherwise.</p>

 <p>If no <code>SharedApplicationDataHandler</code> object is available, external variables for the query can be specified
 as query parameters in the request URL. The names of query parameters are taken as local names of no-namespace
  variables, and the values are treated as UntypedAtomic strings (which will be converted to the declared type
 of the variable if necessary). Any query parameters that do not correspond to declared external variables in
 the query will be ignored.</p>
 


</subpage>

<subpage id="callingcompiledfromapp" title="Calling Compiled Queries from an Application">

<p><i>This section does not apply to code generated with the <code>-servlet</code> option.</i></p>

<p>When a query is compiled, as well as having a <code>main</code> method allowing invocation from the
operating system command line, it will also have a <code>run()</code> method allowing invocation from
a Java application. This takes two parameters: a JAXP <code>Result</code> object to define the destination
of the query output, and an <code>outputProperties</code> value to define serialization properties.</p>

<p>A query compiled in this way is not thread-safe. A new instance of the generated class should be created
in each thread. Within a thread, the object is serially reusable.</p>

<p>Parameters to the query may be supplied using the method <code>setExternalVariable</code>. This accepts the
name of the variable in Clark notation ({uri}local), and the value as an instance of Saxon's
<code>ValueRepresentation</code> class. Most commonly this will be a <code>StringValue</code>, an <code>Int64Value</code>,
or a <code>BooleanValue</code>.</p>



</subpage>

</page> 

<page>

<h2 id="extensibility">Extensibility</h2>

<p>The Saxon XQuery implementation allows you to call Java methods as external functions.
The function does not need to be declared. Use a namespace declaration such as 
<code>declare namespace math=java:java.lang.Math</code>,
and invoke the method as <code>math:sqrt(2)</code>.</p>

<p>More details of this mechanism are found in 
<xref section="extensibility" page="functions">Writing Extension Functions</xref>; note however
that for XQuery the only form of namespace URI accepted is <code>java:<i>full.class.Name</i></code>.</p>

<p>Saxon recognizes the XQuery pragma syntax, but it currently defines only one pragma of its own,
the <code>saxon:validate-type</code> pragma (see <xref page="extensions">Extensions</xref>).
Saxon will adopt the correct fallback behavior if presented with a query that uses another
vendor's extensions, provided these are designed in conformance with the W3C pragma specification.</p>

<p>Saxon also recognizes the XQuery option declaration syntax. Several specific option declarations are
provided: <code>declare option saxon:default</code> declares a default value for external variables
(query parameters); <code>declare option saxon:output</code> declares a serialization parameter;
and <code>declare option saxon:memo-function</code> defines whether the following function declaration is
to be implemented as a memo function.
These are described under <xref page="extensions">Extensions</xref>. Any other option declaration in the
Saxon namespace is ignored with a warning; an option declaration in any other namespace is ignored silently.</p>

</page>

<page size="1.5">
<h2 id="extensions">Extensions</h2>

<p>The full library of Saxon and EXSLT functions described in <xref section="extensions">Extensions</xref>
is available, except for those (for example, some forms of <code>saxon:serialize</code>) 
that have an intrinsic dependency on an XSLT stylesheet.</p>

<h3>declare option saxon:default</h3>

<p>An XQuery option declaration is defined allowing a default value to be specified for a query parameter (external variable).
The syntax is illustrated below:</p>

<example>
declare namespace saxon="http://saxon.sf.net/";
declare option saxon:default "20";
declare variable $x external;
</example>

<p>The default value is written as an XPath expression. The surrounding quotes are part of the "declare option"
syntax, not part of the expression: therefore, if the default value is to be supplied as a string literal, two
sets of quotes are needed. In the above example, the default value is the integer 20, not a string.
Perhaps it would be clearer to show this by writing <code>saxon:default "(+20)"</code></p>

<h3>declare option saxon:output</h3>

<p>Saxon provides an option declaration to set serialization parameters. This takes the form
shown in the following example:</p>

<example>
declare namespace saxon="http://saxon.sf.net/";
declare option saxon:output "method=html";
declare option saxon:output "saxon:indent-spaces=1";
</example>

<h3>declare option saxon:memo-function</h3>

<p>Saxon provides an option declaration to treat the immediately following function as a memo-function. 
This takes the form shown in the following example:</p>

<example>
declare namespace saxon="http://saxon.sf.net/";
declare option saxon:memo-function "true";
declare function local:factorial($n as xs:integer) as xs:integer {
  local:factorial($n - 1) * n
};
</example>

<p>A memo function remembers the results of previous calls, so if it is called twice with the same
arguments, it will not repeat the computation, but return the previous result.</p>

<p>The allowed values of the option are "true" and "false" (the default is false), and any other value
is ignored with a warning.</p>

<h3>declare option saxon:allow-cycles</h3>

<p>Saxon checks for the error XQST0093 which was introduced in the Proposed Recommendation. This error
makes it illegal for a function or variable in module A to reference a function or variable in module B if there
is a function or variable in module B that references one in A. Because this restriction is quite unnecessary
and makes it very difficult to write modular applications, Saxon provides an option
<code>declare option saxon:allow-cycles "true"</code> to disable this check. This option also disables
error XQST0073, which otherwise occurs when two modules in different namespaces import each other</p>

<p>The allowed values of the option are "true" and "false" (the default is false), and any other value
is ignored with a warning.</p>

<p>This option does not disable the check for cycles that would actually cause execution to fail, for
example a global variable $V1 whose initializer uses $V2, when $V2 similarly depends on $V1.</p>

<p>Note that this option declaration must be written <i>after</i> the module imports, but before any
variable or function declarations.</p>

<h3>The saxon:validate-type pragma</h3>

<p>Saxon-SA provides a pragma (a language extension) to allow constructed elements to be validated
against a schema-defined global type definition. The standard <code>validate</code> expression allows validation
only against a global element declaration, but some schemas (an example is FpML) provide very few global elements,
and instead rely heavily on locally-declared elements having a global type. This makes it impossible to construct
fragments of an FpML document in a way that takes advantage of static and dynamic type checking.</p>

<p>The extension takes the form:</p>

<example>
(# saxon:validate-type my:personType #) { expr }
</example>

<p>Conceptually, it makes a copy of the result of evaluating <code>expr</code> and validates it against the named
schema type, causing the copied nodes to acquire type annotations based on the validation process. The effect is the
same as that of the <code>type</code> attribute in XSLT instructions such as <code>xsl:element</code> and
<code>xsl:copy-of</code>. The schema type (shown in the above example as <code>myPersonType</code>) may be a 
simple type or a complex type defined in an imported schema, or a built-in type; it is written as a QName,
using the default namespace for elements and types if it is unprefixed.</p>

<p>Note that XQuery processors other than Saxon will typically ignore this pragma, and return the value of
<code>expr</code> unchanged. Such processors will report type-checking failures if the value is used in a 
context where the required type is <code>element(*, type-name)</code>.</p> 

<p>You can use a different namespace prefix in place of "saxon", but it must be bound using a 
namespace declaration to the namespace "http://saxon.sf.net/".</p>

<p>Here is a complete example:</p>

<example><![CDATA[
module namespace tim="http://www.example.com/module/hour-minute-time";
declare namespace saxon="http://saxon.sf.net/";
import schema namespace fpml = "http://www.fpml.org/2005/FpML-4-2" at "....";

declare function time:getCurrentHourMinuteTime() as element(*, fpml:HourMinuteTime) {
    (# saxon:validate-type fpml:HourMinuteTime #) {
        let $time = string(current-time())
        return <time>{substring($time, 1, 5)}:00</time>
    }
};]]>        
</example>

<p>Saxon ignores any pragmas in a namespace other than the Saxon namespace; it rejects any pragmas whose QName is
ill-formed, as well as pragmas in the Saxon namespace whose local name is not recognized.</p> 
 
</page>
<page>
<h2 id="usecases">Use Cases</h2>

<p>Saxon runs all the <a href="http://www.w3.org/xquery-use-cases">XQuery Use Cases</a>.</p>

<p>The relevant queries (some of which have been corrected from those published by W3C) are included
in the Saxon distribution (folder <code>use-cases</code>) together with batch scripts for running them.
A few additional use cases have been added to show features that would otherwise not be exercised.
A separate script is available for running the STRONG use cases since these require Saxon-SA.</p>

<p>Also included in the distribution is a query <code>samples/query/tour.xq</code>. This is a query that
generates a knight's tour of the chessboard. It is written as a demonstration of recursive functional
programming in XQuery. It requires no input document. You need to supply a parameter on the command
line indicating the square where the knight should start, for example <code>start=h8</code>. The output
is an HTML document.</p>


</page>

</body>
</html>
