<?xml version="1.0"?><html section="using-xsl" xmlns:xsi="http://www.w3.org/2001/XMLSchema-instance" xsi:noNamespaceSchemaLocation="file:///c:/MyJava/doc/saxon8/saxon-doc-schema.xsd">

<head>
  <title>Using XSLT 2.0</title>
</head>

<body>

<h1>Using XSLT 2.0</h1>

<page><h2 id="intro">Using XSLT 2.0 Stylesheets</h2>

<p>This section describes how to use Saxon XSLT 2.0 stylesheets, either from the command line,
or from the Java API.</p>


</page>


<page size="0.7">
<h2 id="commandline">Running XSLT from the Command Line</h2>

<p>A command is available to apply a given stylesheet to a given source XML document. The form of
command on the Java platform is:</p>

<command>java  net.sf.saxon.Transform 
  [options]   stylesheet   [ <i>params...</i>]</command>

<p>For the .NET platform, the command is simply:</p>

<command>Transform 
  [options]   stylesheet   [ <i>params...</i>]</command>

<p>For a schema-aware transformation, specify the option <code>-sa</code>, or (on the
Java platform only) use the alternate entry point <code>com.saxonica.Transform</code>. 
For more details see <xref section="schema-processing"
page="satransformcmd">Schema-Aware Transformations</xref>.</p>

<p>The options must come first, then the file name, then the params.
The stylesheet is omitted if the -a option is present.</p>

<p><i>The source document is supplied using the <code>-s</code> option. 
For backwards compatibility, the source document filename can also be supplied without
an option flag, immediately before the stylesheet filename, provided that neither the <code>-it</code>
nor <code>-s</code> options are present.</i></p>

<p>For this to work, all the necessary Java components must be available on the classpath. See
<xref section="index" page="installation">Installation</xref> for details of how to set up the classpath.</p>

<p>If you are are not using any additional Java libraries, you can use the simpler form of command:</p>

<command>java  -jar <i>dir</i>/saxon8.jar 
  [options]   stylesheet   [ <i>params...</i>]</command>

<p><i>Note, however, that this does not work if you need to load user-written extension functions or 
other classes from the classpath. It will therefore not work if your stylesheet uses extension functions,
or if you are using other modules such as the Saxon JDOM or XOM interfaces. It also does not work if
you are using Saxon-SA, because the license file needs to be on the classpath.</i></p>

<p>The options are as follows (in any order): </p>

<table>

<tr><td valign="top" width="20%"><p>-a</p></td>
<td><p>Use the xml-stylesheet processing instruction in the source document
to identify the stylesheet to be used. The stylesheet argument must not be present on the command line.
</p></td></tr>

<tr><td valign="top" width="20%"><p>-c</p></td>
<td><p>Indicates that the stylesheet argument identifies a compiled stylesheet rather
than an XML source stylesheet. The stylesheet must have been previously compiled as
described in <xref page="compiling">Compiling a Stylesheet</xref>.
</p></td></tr>

<tr><td valign="top"><p>-cr classname</p></td>
<td><p>Use the specified CollectionURIResolver to process collection URIs passed to the
<code>collection()</code> function.
 The CollectionURIResolver is a user-defined class
that implements the <code>net.sf.saxon.CollectionURIResolver</code> interface.</p></td></tr>

<tr><td valign="top"><p>-ds | -dt</p></td>
<td><p>Selects the implementation of the internal tree model. -dt selects the "tiny tree"
model (the default). -ds selects the linked tree model. See <xref section="sourcedocs" page="choosingmodel">
Choosing a tree model</xref>.</p></td></tr>

<tr><td valign="top"><p>-im modename</p></td>
<td><p>Selects the initial mode for the transformation. If this is namespaced, it can be 
written as <code>{uri}localname</code></p></td></tr>

<tr><td valign="top"><p>-it template</p></td>
<td><p>Selects the initial named template to be executed. If this is namespaced, it can be 
written as <code>{uri}localname</code>. When this option is used, you do not need to supply
a source file, but if you do, you must supply it using the <code>-s</code> option.</p></td></tr>

<tr><td valign="top"><p>-l</p></td>
<td><p>Switches line numbering on for the source document. Line numbers are accessible
through the extension function saxon:line-number(), or from a trace listener.</p></td></tr>

<tr><td valign="top"><p>-m classname</p></td>
<td><p>Use the specified Receiver to process the output from xsl:message. The class must implement
the <code>net.sf.saxon.event.Receiver</code> class. This interface is similar to a SAX ContentHandler,
it takes a stream of events to generate output. In general the content of a message is an XML
fragment. By default the standard XML emitter is used, configured to write to the standard error
stream, and to include no XML declaration. Each message is output as a new document.</p>

<p>The sequence of calls to this Receiver is as follows: there is a single <code>open()</code> call at
the start of the transformation, and a single <code>close()</code> call at the end; and each evaluation of an <code>xsl:message</code>
instruction starts with a <code>startDocument()</code> call and ends with <code>endDocument()</code>. The <code>startDocument()</code>
event has a <code>properties</code> argument indicating whether <code>terminate="yes"</code> was specified, and the
<code>locationId</code> on calls such as <code>startElement()</code> and <code>characters()</code> can be used to identify
the location in the stylesheet where the message data originated (this is achieved by passing the supplied <code>locationId</code>
in a call to <code>getPipelineConfiguration().getLocator().getSystemId(locationId)</code>, or to <code>getLineNumber()</code>
on the same object).</p>

<p>Select the class <code>net.sf.saxon.event.MessageWarner</code> to have <code>xsl:message</code> output
notified to the JAXP <code>ErrorListener</code>, as described in the JAXP documentation.</p>

</td></tr>

<tr><td valign="top"><p>-noext</p></td>
<td><p>Suppress calls on extension functions, other than system-supplied Saxon and EXSLT extension
functions. This option is useful when loading an untrusted stylesheet, perhaps from a remote
site using an <code>http://</code> URL; it ensures that the stylesheet cannot call Java methods
and thereby gain privileged access to resources on your machine.
</p></td></tr>

<tr><td valign="top"><p>-novw</p></td>
<td><p>No version warnings. This suppresses the warning message that is normally issued
(as required by the W3C specification) when running an XSLT 2.0 processor against a stylesheet
that specifies <code>version="1.0"</code>.
</p></td></tr>

<tr><td valign="top"><p>-o filename</p></td>
<td><p>Send output to named file. In the absence of this option, the results go to standard output.
If the source argument identifies a directory, this option is mandatory and must also identify
a directory; on completion it will contain one output file for each file in the source directory.
If the stylesheet writes secondary output files using the <code>xsl:result-document</code>
instruction; this filename acts as the base URI for the <code>href</code> attribute of this instruction.
In the absence of this option, secondary output files are written relative to the current working directory.
</p></td></tr>

<tr><td valign="top"><p>-or classname</p></td>
<td><p>Use the specified OutputURIResolver to process output URIs appearing in the <code>href</code>
attribute of <code>xsl:result-document</code>.
 The OutputURIResolver is a user-defined class
that implements the <code>net.sf.saxon.OutputURIResolver</code> interface.</p></td></tr>

<tr><td valign="top"><p>-p</p></td>
<td><p>Use the PTreeURIResolver. This option is available in Saxon-SA only. It cannot be used in conjunction
with the -r option, and it automatically switches on the -u and -sa options. The effect is twofold. Firstly, Saxon-specific
file extensions are recognized in URIs (including the URI of the source document on the command line). Currently
the only Saxon-specific file extension is <code>.ptree</code>, which indicates that the source document is supplied
in the form of a Saxon PTree. This is a binary representation of an XML document, designed for speed of loading.
Secondly, Saxon-specific query parameters are recognized in a URI. Currently the only query parameter that is
recognized is <code>val</code>. This may take the values <code>strict</code>, <code>lax</code>, or <code>strip</code>.
For example, <code>source.xml?val=strict</code> loads a document with strict schema validation.
</p></td></tr>

<tr><td valign="top"><p>-r classname</p></td>
<td><p>Use the specified URIResolver to process all URIs. The URIResolver is a user-defined class,
that extends the net.sf.saxon.URIResolver class, whose function is to take a URI supplied as
a string, and return a SAX InputSource. It is invoked to process URIs used in the document() function,
in the xsl:include and xsl:import elements, and (if -u is also specified) to process the URIs
of the source file and stylesheet file provided on the command line.</p></td></tr>

<tr><td valign="top"><p>-s filename</p></td>
<td><p>Identifies the source file or directory. Mandatory unless the <code>-t</code> option is used.
The source file is parsed to create a tree, and the document node of this tree acts as the initial context
item for the transformation.</p>
<p>If the name identifies a directory, all the
files in the directory will be processed individually. In this case the <code>-o</code> option is
mandatory, and must also identify a directory, to contain the corresponding output files.
A directory must be specified as a filename, not as a URL.</p>

<p>The source-document can be
specified as "-" to take the source from standard input.</p>

<p><i>For backwards compatibility the source filename can also be specified immediately before the
stylesheet filename, without the <code>-s</code> flag, provided that the <code>-it</code> option
is not present.</i></p></td></tr>

<tr><td valign="top"><p>-sa</p></td>
<td><p>Invoke a schema-aware transformation. Requires Saxon-SA to be installed.</p></td></tr>

<tr><td valign="top"><p>-sall</p></td>
<td><p>Strips all whitespace text nodes from source documents before any further processing,
regardless of any <code>xsl:strip-space</code> declarations in the stylesheet, or any
<code>xml:space</code> attributes in the source document.</p></td></tr>

<tr><td valign="top"><p>-signorable</p></td>
<td><p>Strips all ignorable whitespace text nodes from source documents before any further processing,
regardless of any <code>xsl:strip-space</code> declarations in the stylesheet, or any
<code>xml:space</code> attributes in the source document. Whitespace text nodes are ignorable
if they appear in elements defined in the DTD or schema as having element-only content.</p></td></tr>

<tr><td valign="top"><p>-snone</p></td>
<td><p>Strips no whitespace before further processing. (However, whitespace will still be stripped if
this is specified in the stylesheet using <code>xsl:strip-space</code>).</p></td></tr>

<tr><td valign="top"><p>-t</p></td>
<td><p>Display version and timing information to the standard error output. The output also traces
the files that are read and writing, and extension modules that are loaded.</p></td></tr>

<tr><td valign="top"><p>-T</p></td>
<td><p>Display stylesheet tracing information to the standard error output. This traces execution of
each instruction in the stylesheet, so the output can be quite voluminous.
Also switches line numbering on for the source document.</p></td></tr>

<tr><td valign="top"><p>-TJ</p></td>
<td><p>Switches on tracing of the binding of calls to external Java methods.
This is useful when analyzing why Saxon fails to find a Java method to match
an extension function call in the stylesheet, or why it chooses one method over another when several
are available.</p></td></tr>

<tr><td valign="top"><p>-TL classname</p></td>
<td><p>Run the stylesheet using the specified TraceListener. The classname names a user-defined
class, which must implement net.sf.saxon.trace.TraceListener</p></td></tr>

<tr><td valign="top"><p>-TP</p></td>
<td><p>Run the stylesheet using the TraceListener <code>TimedTraceListener</code>. This creates
an output file giving timings for each instruction executed. This output file can subsequently
be analyzed to give an execution time profile for the stylesheet. 
See <xref page="performanceanalysis">Performance Analysis</xref>.</p></td></tr>

<tr><td valign="top"><p>-u</p></td>
<td><p>Indicates that the names of the source document and the stylesheet document are URLs;
otherwise they are taken as filenames, unless they start with "http:" or "file:", in which
case they are taken as URLs</p></td></tr>

<tr><td valign="top"><p>-v</p></td>
<td><p>Requests DTD-based validation of the source file and of any files read using the document()
function. Requires an XML parser that supports validation.</p></td></tr>

<tr><td valign="top"><p>-val</p></td>
<td><p>Requests schema-based validation of the source file and of any files read using the document()
function. This option is available only with Saxon-SA, and it automatically switches on the
-sa option.</p></td></tr>

<tr><td valign="top"><p>-vlax</p></td>
<td><p>This option is available only with Saxon-SA, and it automatically switches on the
-sa option.
It requests lax validation of source documents using an XML Schema. That is, the
document will be validated if a suitable schema is available, and will not be validated
otherwise.</p></td></tr>

<tr><td valign="top"><p>-vw</p></td>
<td><p>Indicates that validation errors found when validating the result tree should be treated as warnings only.
This option is available only with Saxon-SA.</p></td></tr>

<tr><td valign="top"><p>-w0, w1, or w2</p></td>
<td><p>Indicates the policy for handling recoverable errors in the stylesheet: w0 means
recover silently, w1 means recover after writing a warning message to the system error
output, w2 means signal the error and do not attempt recovery. (Note, this does not
currently apply to all errors that the XSLT recommendation describes as recoverable).
The default is w1.</p></td></tr>

<tr><td valign="top"><p>-x classname</p></td>
<td><p>Use specified SAX parser for source file and any files loaded using the document() function.
 The parser must be the fully-qualified class name
of a Java class that implements the org.xml.sax.Parser or org.xml.sax.XMLReader interface</p></td></tr>

<tr><td valign="top"><p>-xi</p></td>
<td><p>Apply XInclude processing to all input XML documents (including schema and stylesheet modules as
well as source documents). This currently only works when documents are parsed using the Xerces
parser, which is the default in JDK 1.5 and later.</p></td></tr>

<tr><td valign="top"><p>-y classname</p></td>
<td><p>Use specified SAX parser for stylesheet file, including any loaded using xsl:include
or xsl:import. The parser must be the fully-qualified class name
of a Java class that implements the org.xml.sax.Parser or org.xml.sax.XMLReader interface</p></td></tr>

<tr><td valign="top"><p>-1.1</p></td>
<td><p>Allow XML 1.1 and XML Namespaces 1.1 constructs. This option must be set if source documents 
using XML 1.1 are to be read, or if result documents are to be serialized as XML 1.1. This option
also enables use of XML 1.1 constructs within the stylesheet itself.</p></td></tr>

<tr><td valign="top"><p>-?</p></td><td><p>Display command syntax</p></td></tr>


<tr><td valign="top"><p>stylesheet</p></td>
<td><p>Identifies the stylesheet. Mandatory unless the <code>-a</code> option is used. If the -c option
is used, this argument identifies a compiled stylesheet. The stylesheet argument can be
specified as "-" to read the stylesheet from standard input.</p></td></tr>

</table>

<p>A <i>param</i> takes the form <code>name=value</code>, <i>name</i> being the
name of the parameter, and <i>value</i> the value of the parameter. These parameters are
accessible within the stylesheet as normal variables, using the <code>$name</code> syntax, provided
they are declared using a top-level <code>xsl:param</code> element. If there is no such declaration, the supplied
 parameter value is silently ignored. If the <code>xsl:param</code> element has an <code>as</code>
 attribute indicating the required type, then the string value supplied on the command line is cast
 to this type: this may result in an error, for example if an integer is required and the supplied value
 cannot be converted to an integer.</p>
 
<p>A <i>param</i> preceded by a leading exclamation mark (!) is interpreted as an output parameter.
For example, <code>!indent=yes</code> requests indented output. This is equivalent to specifying
the attribute <code>indent="yes"</code> on an <code>xsl:output</code> declaration in the stylesheet.
An output parameter specified on the command line overrides one specified within the stylesheet.</p>

<p>A <i>param</i> preceded by a leading plus sign (+) is interpreted as a filename or directory.
The content of the file is parsed as XML, and the resulting document node is passed to the stylesheet
as the value of the parameter. If the parameter value is a directory, then all the immediately contained
files are parsed as XML, and the resulting sequence of document nodes is passed as the value of the
parameter. For example, <code>+lookup=lookup.xml</code> sets the value of the stylesheet parameter
<code>lookup</code> to the document node at the root of the tree representing the parsed contents
of the file <code>lookup.xml</code>.</p>

<p>Under most operating systems it is possible to supply a value containing
spaces by enclosing it in double quotes, for example <code>name="John Smith"</code>. This is a feature
of the operating system shell, not something Saxon does, so it may not work the
same way under every operating system or command processor. (In the jEdit console plugin, for example, 
it has to be written as <code>"name=John Smith"</code>)</p>

<p>If the parameter name is in a non-null namespace, the parameter can be given a value using
the syntax <code>{uri}localname=value</code>. Here <code>uri</code> is the namespace URI of the
parameter's name, and <code>localname</code> is the local part of the name.</p>

<p>This applies also to output parameters. For example, you can set the indentation level to 4 by
using the parameter <code>!{http://saxon.sf.net/}indent-spaces=4</code>. See also
<xref section="extensions" page="output-extras">Additional attributes for xsl:output</xref>.</p>
 
<p>If the <code>-a</code> option is used, the name of the stylesheet is
omitted. The source document must contain a <code>&lt;?xml-stylesheet?&gt;</code> processing instruction
before the first element start tag; this processing instruction must have a pseudo-attribute <code>href</code> that
identifies the relative or absolute URL of the stylsheet document, and a pseudo-attribute type whose
value is <code>text/xml</code>, <code>application/xml</code>, or <code>text/xsl</code>. For example:</p>

<command>&lt;?xml-stylesheet type="text/xsl" href="../style3.xsl" ?&gt;</command>

<p>It is also possible to refer to a stylesheet embedded within the source document, provided
it has an id attribute and the id attribute is declared in the DTD as being of type ID. For example:</p>

<example>
&lt;?xml-stylesheet type="text/xsl" href="#style1" ?&gt;
&lt;!DOCTYPE BOOKLIST SYSTEM "books.dtd"
  &lt;!ATTLIST xsl:transform id ID #IMPLIED&gt;
&lt;
&lt;BOOKLIST&gt;
  ...
  &lt;xsl:transform id="style1" version="1.0" xmlns:xsl="..."&gt;
  ...
  &lt;/xsl:transform&gt;
&lt;/BOOKLIST&gt;</example>

</page>
<page>
<h2 id="compiling">Compiling a Stylesheet</h2>

<p>Saxon allows a compiled stylesheet (a Templates object) 
to be saved to disk as a file.
The transformation can then be run using this compiled stylesheet by using the -c option
to the command <code>java net.sf.saxon.Transform</code>.</p>

<p><i>This facility is not available on the .NET platform.</i></p>

<p>The actual compilation of the stylesheet can be achieved using the command
<code>java net.sf.saxon.Compile</code>. The format of the command is:</p>

<command>java  net.sf.saxon.Compile 
  [options]   stylesheet   output   [ <i>params...</i>]</command>

<p>The options available are a subset of the options for running a transformation, described above. The
relevant options are -t (give progress messages), -u (stylesheet argument is a URI, not a filename), -r
(specify a URIResolver for use at compile time), -y (specify an XML parser for parsing the source 
stylesheet), -1.1 (enable XML 1.1)</p>

<p>There are some restrictions that apply to stylesheet compilation:</p>

<ul>

<li><p>Stylesheet compilation is not currently supported for schema-aware stylesheets, specifically, for stylesheets
that contain an <code>&lt;xsl:import-schema&gt;</code> declaration.</p></li>

<li><p>Stylesheet compilation is not currently supported for stylesheets that make calls on
the extension functions <code>saxon:evaluate()</code> or <code>saxon:expression()</code>, because these require run-time
access to information that is not preserved by compilation.</p></li>

<li><p>Stylesheets that use a <code>&lt;saxon:collation&gt;</code> declaration cannot be compiled.</p></li>

<li><p>Stylesheets that use a <code>&lt;saxon:import-query&gt;</code> declaration cannot be compiled.</p></li>

<li><p>A compiled stylesheet can be executed only by the same Saxon release as was used to compile it.</p></li>

<li><p>Stylesheet compilation is not supported on the .NET platform.</p></li>

</ul>

<p>You can use any file extension for the compiled stylesheet, I generally use .sxx (Saxon XSLT executable).
The file actually contains the Java serialization of a data structure that is then used at run-time to
drive the transformation process. As an alternative to using the <code>net.sf.saxon.Compile</code> command
from the command line, you can use the Java serialization API directly, to write the net.sf.saxon.Templates
object to an ObjectOutputStream.</p>

<p>To run a compiled stylesheet from the Java API rather than from the command line, use the call:</p>

<example>sheet = PreparedStylesheet.loadCompiledStylesheet(config, styleFileName)</example>

<p>Note that the <code>config</code> argument identifies the run-time configuration. The NamePool used by this
configuration will be changed to be a copy of the NamePool that was created at compile time and saved in the
compiled stylesheet. Therefore, this method requires the run-time transformation to have its own exclusive Configuration,
rather than sharing a Configuration object with other transformations.</p>

<p><i>The term "compile" is stretching a point. The executable that is produced does not contain
machine instructions, or even interpreted Java bytecode. It contains instructions in the form of 
a data structure that Saxon itself can interpret. Note that the format of compiled stylesheets is
unlikely to be stable from one Saxon release to the next.</i></p> 
</page>

<page>
<h2 id="xsltfromant">Running Saxon XSLT transformations from Ant</h2>

<p>It is possible to run a Saxon transformation from Ant using the standard <code>xslt</code> task,
by using the <code>trax</code> processor and with an appropriate <code>classpath</code> that forces 
Saxon to be selected. However, this doesn't provide the ability to take advantage of the full range
of capabilities offered by XSLT 2.0 in general and Saxon in particular (for example, schema aware
processing and multiple output files). Saxon 8.9 therefore
includes the first early release of a custom Ant task for Saxon.</p>

<p>The is available in <code>saxon8-ant.jar</code>, under the class name  <code>net.sf.saxon.ant.AntTransform</code>.
At this early stage it differs little from the standard <code>xslt</code> task:</p>

<ul>
<li><p>The <code>processor</code> and <code>classpath</code> attributes have no effect.</p></li>
<li><p>There is a new boolean attribute <code>schemaaware</code> indicating whether the
transformation should be schema-aware.</p></li>
<li><p>There is a new attribute <code>validation</code> allowing the values strict, lax, or skip.
The schema itself must be specified either in the stylesheet (using <code>xsl:import-schema</code>)
or in the source document (using <code>xsi:schemaLocation</code>).</p></li>
</ul>

<p>Example usage:</p>

<example><![CDATA[
    <target name="release-userdoc" description="Generate User Documentation">
			<taskdef name="saxon-xslt" 
			         classname="net.sf.saxon.ant.AntTransform" 
			         classpath="c:\saxon\saxon8sa.jar;c:\saxon\licenses"/>

			<saxon-xslt in="${userdoc.dir}/catalog.xml" 
			            style="${userdoc.dir}/render-page2.xsl"
			            schemaaware="true"
			            validation="strict" 
			            out="${release.dir}/resources/doc/dummy.html">
			  <param name="destination" expression="offline"/>
			</saxon-xslt>  
    </target>]]></example>
    
<p>The above example was used to generate this documentation. With multiple output files, a single
document is specified for the principal output (which may be a dummy), and all other output files are
written in relative locations with respect to this.</p>


</page>


<page size="0.7">
<h2 id="embedding">Invoking XSLT from an application</h2>


<p>Rather than using the XSLT interpreter from the command line, you may want to include it in your
own application, perhaps one that enables it to be used within an applet or servlet. If you run
the interpreter repeatedly, this will always be much faster than running it each time from
 a command line.</p>

<p>On the Java platform, Saxon incorporates support for the
<a href="http://java.sun.com/xml/jaxp/index.html">JAXP transformation API</a> (originally known as TrAX).
 This is compatible with the API for invoking other XSLT processors such as
 Xalan and Oracle.</p>
 
 <p>This API is described in the documentation provided with JDK 1.4. 
 It is available online at <a href="http://java.sun.com/j2se/1.4/docs/api/">http://java.sun.com/j2se/1.4/docs/api/</a>
 Look for the <b>javax.xml.transform</b> package.</p>

<p><i>There is also an API for Saxon on the .NET platform, designed to make Saxon available from
.NET languages such as C#, VB.NET, and ASP.NET. See <xref section="dotnet">Saxon on .NET</xref>.</i></p>

<p>More information and examples relating to the JAXP transformation API can be found in the
<b>TraxExamples.java</b> example application found in the samples directory.</p>

<p>The types of object that can be supplied as stylesheet parameters are not defined
in the JAXP specification: they are implementation-dependent. Saxon takes the Java object
supplied, and converts it to an XPath value using the same
rules as it applies for the return value from a Java
extension function: for these rules, 
see <xref section="extensibility" page="function-result">Saxon Extensibility</xref>. If the resulting value
is an atomic value, it is cast to the required type of the parameter as specified in the
<code>xsl:param</code> declaration, using the XPath casting rules. If the value is non-atomic (for example,
if it is a node, or a sequence of integers), then no conversion is attempted, instead, the value must
match the required type as stated.</p>

<p>The JAXP <code>TransformerFactory</code> interface provides a configuration method
<code>setAttribute()</code> for setting implementation-defined configuration parameters. The
parameters supported by Saxon have names defined by constants in the class
<code>net.sf.saxon.FeatureKeys</code>. The names of these properties and their meanings, 
are described in the table below.</p>

<table>
<tr>
<td valign="top"><p><b>property</b></p></td>
<td valign="top"><p><b>meaning</b></p></td>
</tr>


<tr><td valign="top"><p>ALLOW_EXTERNAL_FUNCTIONS</p></td>
<td valign="top"><p>A Boolean: true if the stylesheet allows external functions to be called.
Default is true. The setting <code>false</code> is recommended in an environment
where untrusted stylesheets may be executed. Setting this value to <code>false</code>
also disables user-defined extension elements, together with the writing of multiple
output files, all of which carry similar security risks.</p></td>
</tr>

<tr><td valign="top"><p>TRACE_EXTERNAL_FUNCTIONS</p></td>
<td valign="top"><p>A Boolean: true if the tracing of calls to external Java methods is required.
Default is false. 
This switch is useful when analyzing why Saxon fails to find a Java method to match
an extension function call in the stylesheet, or why it chooses one method over another when several
are available. The trace output is sent to System.err.</p></td>
</tr>

<tr>
<td valign="top"><p>TIMING</p></td>
<td valign="top"><p>A Boolean: true if basic timing information is to be output to the standard error output stream.</p></td>
</tr>

<tr>
<td valign="top"><p>TREE_MODEL</p></td>
<td valign="top"><p>An Integer: Builder.STANDARD_TREE or Builder.TINY_TREE. Selects an implementation of the
Saxon tree model. The default is Builder.TINY_TREE.</p></td>
</tr>

<tr>
<td valign="top"><p>TRACE_LISTENER</p></td>
<td valign="top"><p>An instance of the class net.sf.saxon.trace.TraceListener. This object will be notified of
significant events occurring during the transformation, for tracing or debugging purposes.</p></td>
</tr>

<tr>
<td valign="top"><p>LINE_NUMBERING</p></td>
<td valign="top"><p>A Boolean. Indicates whether line numbers are to be maintained for the source document. This
will not be possible if the source document is supplied as a DOM. The line numbers are accessible
through the tracing interface, and also via the saxon:line-number() extension function.</p></td>
</tr>

<tr>
<td valign="top"><p>RECOVERY_POLICY</p></td>
<td valign="top"><p>An Integer. Indicates how dynamic errors should be handled. One of the values (defined as constants
in the Controller class) RECOVER_SILENTLY, RECOVER_WITH_WARNINGS, or DO_NOT_RECOVER).</p></td>
</tr>

<tr>
<td valign="top"><p>MESSAGE_EMITTER_CLASS</p></td>
<td valign="top"><p>The full name of a class that implements the net.sf.saxon.output.Emitter interface; the class will
be used to format the output of the xsl:message instruction.</p></td>
</tr>

<tr>
<td valign="top"><p>SOURCE_PARSER_CLASS</p></td>
<td valign="top"><p>The full name of a class that implements the org.xml.sax.XMLReader interface; the class will be
used to parse source documents (that is, the principal source document plus any secondary source
documents read using the document() function)</p></td>
</tr>

<tr>
<td valign="top"><p>STYLE_PARSER_CLASS</p></td>
<td valign="top"><p>The full name of a class that implements the org.xml.sax.XMLReader interface; the class will be
used to parse stylesheet documents (that is, the principal stylesheet module plus any secondary source
documents read using xsl:include or xsl:import)</p></td>
</tr>

<tr>
<td valign="top"><p>OUTPUT_URI_RESOLVER</p></td>
<td valign="top"><p>An instance of the class net.sf.saxon.OutputURIResolver; this object will be used to resolve URIs
of secondary result documents specified in the <code>href</code> attribute of the <code>xsl:result-document</code>
instruction</p></td>
</tr>

<tr>
<td valign="top"><p>VALIDATION</p></td>
<td valign="top"><p>A Boolean. Indicates whether the XML parser should be asked to validate source documents
against their DTD. This applies to the initial source document and any source documents read using the
document() function, unless handled by a user-written URIResolver.</p></td>
</tr>

<tr>
<td valign="top"><p>VALIDATION_WARNINGS</p></td>
<td valign="top"><p>A Boolean. Indicates (if true) that errors occuring while validating a final result tree
are to be treated as warnings rather than fatal errors. Although the XSLT specification states that validation
errors are fatal, this switch can be useful during debugging because it enables the invalid output to be inspected.
It will include comments showing where the validity errors were found. Applies to Saxon-SA only.</p></td>
</tr>

<tr>
<td valign="top"><p>VERSION_WARNING</p></td>
<td valign="top"><p>A Boolean. Indicates whether a warning message should be notified (to the ErrorListener) if
running against a stylesheet that specifies <code>version="1.0"</code>. This warning is output by default (because
the W3C specification requires it), but it may be suppressed using this option.</p></td>
</tr>

<tr>
<td valign="top"><p>NAME_POOL</p></td>
<td valign="top"><p>A instance of class <code>net.sf.saxon.om.NamePool</code>. 
Indicates that the supplied NamePool should be used as the target (run-time) NamePool by all
stylesheets compiled (using <code>newTemplates()</code>) after this call on <code>setAttribute</code>.
Normally a single system-allocated NamePool is used for all stylesheets compiled while the Java VM
remains loaded; this attribute allows user control over the allocation of NamePools.
Note that source trees used as input to a transformation must be built using the same NamePool
that is used when the stylesheet is compiled: this will happen automatically if the input
to a transformation is supplied as a SAXSource or StreamSource but it is under user control if
you build the source tree yourself.</p></td>
</tr>
</table>

<p>Saxon's implementation of the JAXP <code>Transformer</code> interface is the class <code>net.sf.saxon.Controller</code>.
This provides a number of options beyond those available in the standard JAXP interface, for example the
ability to set an output URI resolver for secondary output documents, and a method to set the initial mode
before the transformation starts. You can access these methods by casting
the <code>Transformer</code> to a <code>Controller</code>. The methods are described in the JavaDoc documentation
supplied with the product.</p>

<p>When using the JAXP interface, you can set serialization properties using a <code>java.util.Properties</code>
object. The names of the core XSLT 1.0 properties, such as <code>method</code>, <code>encoding</code>,
and <code>indent</code>, are defined in the JAXP class <code>javax.xml.transform.OutputKeys</code>. 
Additional properties, including Saxon extensions and XSLT 2.0 extensions, have names defined by
constants in the class <code>net.sf.saxon.event.SaxonOutputKeys</code>. The values of the properties
are exactly as you would specify them in the <code>xsl:output</code> declaration.</p>
</page>

<page>
<h2 id="performanceanalysis">Performance Analysis</h2>

<p>Saxon comes with a simple tool allowing profiling of the execution time in a stylesheet.</p>

<p>To run this tool, first execute the transformation with the <code>-TP</code> option, which 
sends timed tracing information to the standard error output file:</p>

<command>java   -jar   <i>dir</i>/saxon8.jar  
 -TP   <i>source</i>   <i>stylesheet</i>   2&gt;profile.xml</command>

<p>Then run another transformation to create a profile report from the output of this tracing tool 
(the stylesheet can be found in the directory <code>samples/analysis</code>):</p>

<command>java   -jar   <i>dir</i>/saxon8.jar  
 profile.xml   timing-profile.xsl   &gt;profile.html</command>
 
<p>Finally,  view the resulting <code>profile.html</code> file in your browser.</p>

<p>The output identifies instructions in the original stylesheet by their name, line number, and the last
few characters of the URI of their module. For each instruction it gives the number of times the instruction
was executed, the average time in milliseconds of each execution, and the total time. The table is sorted
according to a weighting function that attempts to put the dominant instructions at the top. These will
not necessarily be those with the greatest time, which tend to be instructions that were only executed once
but remained active for the duration of the transformation.</p>

</page>

</body>
</html>
