<?xml version="1.0"?><html section="xpath-api" xmlns:xsi="http://www.w3.org/2001/XMLSchema-instance" xsi:noNamespaceSchemaLocation="file:///c:/MyJava/doc/saxon8/saxon-doc-schema.xsd">

<head>
  <title>XPath API for Java</title>
  
</head>


<body>

<h1>XPath API for Java</h1>


<page>
<h2 id="intro">Introduction</h2>

<p><b>This section describes how to use Saxon as a Java class library, without making any use
of XSLT stylesheets. It includes information on the XPath API, and the API for the Saxon implementation
of the XPath object model. On other pages you will find 
 <xref section="using-xsl" page="embedding">the API for XSLT transformation</xref>,
  <xref section="using-xquery" page="embedding">the API for running XQuery</xref>, and 
  <xref section="schema-processing" page="validation-api">the API for Schema validation.</xref></b></p>

<p>The first section below describes the XPath API. This allows a Java application to execute
XPath expressions against a source document, and manipulate the results. No stylesheet is involved.</p>

<p>Saxon implements and extends the XPath API defined in JAXP 1.3, so it should be
possible to write applications that are portable between Saxon and other products implementing this
interface. However, there are some differences in the Saxon implementation, noted below.
Some of the extensions to this interface are provided because Saxon supports XPath 2.0,
whereas JAXP 1.3 is designed primarily for XPath 1.0; some are provided because Saxon supports multiple object models,
not only DOM; some are for backwards compatibility;
and some are provided to allow applications a finer level of control if required.</p>

<p>JAXP 1.3 is available as a standard part of JDK 1.5 (also referred to as Java 5). It can be installed
as an add-on to JDK 1.4, but unfortunately Sun's license for this add-on does not allow redistribution.
It must therefore be installed separately. To work around the problems this causes, especially for users
who want to embed Saxon in products that are then distributed further, Saxon also provides a 
<xref page="standalone">standalone XPath API</xref> that is not dependent on JAXP 1.3.</p>

<p>The classes that deliver the JAXP XPath API support are in package <code>net.sf.saxon.xpath</code>, 
which is delivered in the separate JAR file <code>saxon8-xpath.jar</code>. Saxon's standalone XPath API
is in package <code>net.sf.saxon.sxpath</code>, which is included in the standard JAR file <code>saxon8.jar</code>
(for Saxon-B) or <code>saxon8sa.jar</code> (for Saxon-SA).</p>

<p>In addition to the APIs described here, Saxon's JavaDoc documentation describes all the public classes
and methods that are available for advanced users. These are all subject to change from one release to
the next.</p>

</page>
<page>

<h2 id="jaxp-xpath">The JAXP XPath API</h2>


<p>Saxon provides an API for executing XPath expressions. The API is an implementation of the JAXP 1.3
XPath API, which in turn is loosely modeled
on the DOM Level 3 API for XPath (which Saxon does not implement). 
For full documentation, see the Javadoc description of package
<code>net.sf.saxon.xpath</code>. Two sample applications using this API are available: they are called
 <code>XPathExample.java</code> and <code>ApplyXPathJAXP.java</code>,
and can be found in the <code>samples/java</code> directory.</p>

<p>The  <code>XPathExample.java</code> application is written 
to use JAXP 1.3 interfaces.  To run this application, see the instructions
in <xref section="samples" page="shakespeare">Shakespeare XPath Sample Application</xref>.</p>

<p>The <code>ApplyXPathJAXP.java</code> application is an enhanced version of the class of the
same name issued as a sample application in the JAXP 1.3 distribution. It has been enhanced to show
the use of more advanced features, such as the ability to bind namespaces, variables, and functions, and
also to demonstrate use of the XPath API with different object models.</p>

<p>The XPath API in Saxon predates the introduction of the JAXP 1.3 XPath API, so it contains some facilities
that are obsolescent. However, there are also differences caused by the fact that Saxon supports
XPath 2.0, with its richer data model, whereas JAXP 1.3 operates only on XPath 1.0. </p>

<p>The following sections describe use of the XPath API in more detail.</p>

<subpageindex/>

<subpage id="factory" title="Selecting the XPath implementation" 
summary="Describes how to ensure that Saxon is selected as the XPath API implemenation">

<p>An application using the JAXP 1.3 XPath API starts by instantiating a factory class. This is done by 
calling:</p>

<example>
XPathFactory xpathFactory = XPathFactory.newInstance(objectModel);
XPath xpath = xpathFactory.newXPath();
</example>

<p>Here <code>objectModel</code> is a URI that identifies the object model you are using. Saxon recognizes
four values for the object model:</p>

<table>
<thead><tr><td><p><b>Symbolic name</b></p></td><td><p><b>Meaning</b></p></td></tr></thead>
<tbody>
<tr><td valign="top"><p>XPathConstants.DOM_OBJECT_MODEL</p></td><td><p>The DOM object model</p></td></tr>
<tr><td valign="top"><p>NamespaceConstant.OBJECT_MODEL_SAXON</p></td><td><p>Saxon's native object model.
  This means anything that implements the <code>NodeInfo</code> interface, including
  the standard tree, the tiny tree, and third-party implementations of <code>NodeInfo</code>.</p></td></tr>
<tr><td valign="top"><p>NamespaceConstant.OBJECT_MODEL_JDOM</p></td><td><p>The JDOM object model</p></td></tr>
<tr><td valign="top"><p>NamespaceConstant.OBJECT_MODEL_XOM</p></td><td><p>The XOM object model</p></td></tr>
<tr><td valign="top"><p>NamespaceConstant.OBJECT_MODEL_DOM4J</p></td><td><p>The DOM4J object model</p></td></tr>
</tbody>
</table>

<p>To ensure that Saxon is selected as your XPath implementation, you must specify one of these
constants as your chosen object model, and you must ensure that the Java system property
<code>javax.xml.xpath.XPathFactory</code> is set to the value <code>net.sf.saxon.xpath.XPathFactoryImpl</code>.
Normally, if Saxon is on your classpath then the Saxon XPath implementation will be picked up automatically, but
if there are other implementations on the classpath as well then it is best to set the system property 
explicitly to be sure.</p>

<p>This API is based on the class <code>net.sf.saxon.xpath.XPathEvaluator</code>. This class provides a few
simple configuration interfaces to set the source document, the static context, and the context node,
plus a number of methods for evaluating XPath expressions.</p>

<p>The <code>XPath</code> object returned from the above calls allows you to set the static context for
evaluating XPath expressions (you can pre-declare namespaces, variables, and functions), and to compile
XPath expressions in this context. A compiled XPath expression (an object of class <code>XPathExpression</code>)
can then be evaluated, with a supplied node (represented by a class in the selected object model) supplied
as the context node. For further details, see the Javadoc specifications and the supplied example applications.</p>

</subpage>

<subpage id="context-node" title="Context node" summary="Describes how to supply a context node">

<p>Many of the methods in the JAXP interface take an argument to represent the context node. Because the API
is designed to be used with multiple object models, this is typed simply as an <code>Object</code>. In the case of
Saxon, this can be an object in any of the supported data models: DOM, JDOM, DOM4J, XOM, or Saxon's native
<code>NodeInfo</code> representation. Note that if a <code>NodeInfo</code> is supplied, the tree must have been 
constructed using the same Saxon <code>Configuration</code> as the one used by the <code>XPathEvaluator</code> itself.</p>

<p>Many of these methods specify that if the context node supplied is null, the XPath expression will be evaluated using
an empty document node as the context node. Saxon does not implement this rule. There are two reasons for this. Firstly,
it's unnatural in XPath 2.0, where it is permissible for the context item for an expression to be undefined. Secondly,
it's not clear what kind of document node it would be appropriate to create, given that Saxon supports multiple object
models. Instead, if null is supplied, then the node supplied to the Saxon-specific method <code>setContextNode()</code>
is used, and if that is null, the expression is evaluated with the context item undefined (which will cause a dynamic
error if the expression actually refers to the context item).</p>

</subpage>

<subpage id="return-types" title="Return types" summary="Describes the mapping of XPath return types to Java classes">

<p>The JAXP specification leaves it rather up to the implementation how the results of an XPath expression will
be returned. This is partly because it is defined only for XPath 1.0, which has a much simpler type system, and
partly because it is deliberately designed to be independent of the object model used to represent XML trees.</p>

<p>If you specify the return type <code>XPathConstants.BOOLEAN</code> then Saxon will return the effective
boolean value of the expression, as a <code>java.lang.Boolean</code>. This is the same as wrapping the expression
in a call of the XPath <code>boolean()</code> function.</p>

<p>If you specify the return type <code>XPathConstants.STRING</code> then Saxon will return the result
of the expression converted to a string, as a <code>java.lang.String</code>. 
This is the same as wrapping the expression in a call of the XPath <code>string()</code> function.</p>

<p>If you specify the return type <code>XPathConstants.NUMBER</code> then Saxon will return the result
of the expression converted to a double as a <code>java.lang.Double</code>. 
This is the same as wrapping the expression in a call of the XPath <code>number()</code> function.</p>

<p>If you specify the return type <code>XPathConstants.NODE</code> then Saxon will return the result
the result as a node object in the selected object model. With the DOM model this will be an instance
of <code>org.w3.dom.Node</code>, with the native Saxon model it will be an instance of <code>net.sf.saxon.om.NodeInfo</code>,
and so on.</p>

<p>If the return type is <code>XPathConstants.NODESET</code>, the result will in general be a Java <code>List</code>
containing node objects in the selected object model. It may also contain non-node objects if that's
what the XPath expression returned. As a special case, if the supplied context node is a DOM node, 
and if the results are all DOM nodes, then they will be returned in the form of a
DOM <code>NodeList</code> object.</p>

<p>Saxon does not recognize additional values for the return type other than the values defined in JAXP. If you
want to return a different result type, for example a list of integers or a date, use one of the methods in which the result
type is unspecified. If any conversions are necessary, do them within the XPath expression itself, using casts
or constructor functions. The Java object that is returned will be a representation of the XPath value, 
converted in the same way as arguments to a extension functions.</p>

</subpage>
<subpage id="saxon-additions" title="Additional Saxon methods"
summary="Describes features of the Saxon implementation additional to the JAXP specification">

<p>Saxon's implementation of <code>XPathExpression</code> (namely <code>net.sf.saxon.xpath.XPathExpressionImpl</code>)
 provides additional methods for evaluating the XPath expression. In particular the <code>rawIterator()</code>
method with no arguments returns a Saxon <code>SequenceIterator</code> which allows the application to process
the results of any XPath expression, with no conversion: all values will be represented using a native Saxon class,
for example a node will be represented as a <code>NodeInfo</code> and a QName as a <code>QNameValue</code>.
The <code>NodeInfo</code> interface is described in the next section.</p>

<p><i>The native Saxon methods rely on the dynamic context being established using separate <code>setXX()</code>
calls on the <code>XPathExpressionImpl</code> object. If these methods are used, the <code>XPathExpression</code>
object will not be thread-safe.</i></p>



<p>XPath itself provides no sorting capability. You can therefore specify a sort order in which you want
the results of an expression returned. This is done by nominating another expression, via the <code>setSortKey</code>
method: this second expression is applied to each item in the result sequence, and its value determines
the position of that item in the sorted result order.</p>

<p><i>An alternative approach if you need sorting would be to use XQuery rather than XPath.</i></p>

<p>You can call methods directly on the <code>NodeInfo</code> object to get information about a node: for
example <code>getDisplayName()</code> gets the name of the node in a form suitable for display, and
<code>getStringValue()</code> gets the string value of the node, as defined in the XPath data model. You
can also use the node as the context node for evaluation of subsequent expressions.</p>

</subpage>

</page>

<page>

<h2 id="standalone">The Standalone XPath API</h2>

<p>Because JAXP 1.3 is not available as a standard component of JDK 1.4, Saxon also provides a standalone
XPath API of its own, with no dependencies on the JAXP 1.3 classes. This is available in the package
<code>net.sf.saxon.sxpath</code>, which is included in the standard JAR file: <code>saxon8.jar</code>
or <code>saxon8sa.jar</code>. It is a simpler API with less capability than the JAXP API, for example
it does not allow XPath expressions to contain references to external variables or user-defined functions.</p>

<p>This interface consists essentially of two classes. The <code>XPathEvaluator</code> class can be used to
establish a static context for compiling an XPath expression, and provides a method <code>compileExpression</code>
that takes an XPath expression as a string, and returns an object of class <code>XPathExpression</code>.
The XPathExpression object can then be evaluated using its <code>evaluate()</code> method. This method
takes as an argument an object of class <code>Source</code> to represent the document against which the
expression is evaluated. This can be a document that has already been parsed and built as a tree structure
(represented, for example, by a <code>DOMSource</code> object or by a Saxon <code>NodeInfo</code>,
or it can be an unparsed XML document supplied as a <code>StreamSource</code> or a <code>SAXSource</code>.
The result of the expression is returned as a Java <code>List</code>, which may contain a mixture of nodes
and atomic values. Nodes are represented using the class <code>NodeInfo</code>, unless the source used a 
different object model in which case they are returned using the node classes of that object model. Atomic values
are represented using the appropriate Java class, for example <code>Double</code>, <code>Boolean</code>, 
or <code>String</code>.</p>

<p>Further details of these classes are available in the JavaDoc documentation.</p>


</page>
<page>

<h2 id="nodeinfo">The NodeInfo Object</h2>


<p>The <b>NodeInfo</b> object represents a node of an XML document. It has a subclass <code>DocumentInfo</code> to
represent the root node, but all other nodes are represented by <code>NodeInfo</code> itself. These follow the
XPath data model closely.</p>

<p><i>In earlier releases, <code>NodeInfo</code> extended the DOM interface <code>Node</code>. This is no longer the case;
it has been changed to make it easier to integrate Saxon with other XML tree representations such as JDOM.
Until Saxon 8.2, the main Saxon implementations of the <code>NodeInfo</code> interface continued to also 
implement the DOM <code>Node</code> interface, but this is no longer the case from Saxon 8.3 onwards:
it has been changed because the DOM interface was becoming increasingly unwieldy, and in particular
because it is incompatible between JDK 1.4 and JDK 1.5. Instead, a new class <code>NodeOverNodeInfo</code>
is provided, which presents a DOM view of a Saxon node.</i></p>

<p>The <code>NodeInfo</code> object provides the application with
information about the node. The most commonly used methods include:</p>

<table>
  <tr>
    <td valign="top"><p>getNodeKind()</p></td>
    <td><p>gets a short identifying the node type (for example, element or attribute). The values are
     consistent with those used in the DOM, and are referenced by constants in the class
     <code>net.sf.saxon.value.Type</code></p></td>
  </tr>
  <tr>
    <td valign="top" width="30%"><p>getDisplayName(), getLocalPart(), getPrefix(), getURI()</p></td>
    <td><p>These methods get the name of the element, or its various parts. The getDisplayName()
    method returns the QName as used in the original source XML.</p></td>
  </tr>
  <tr>
    <td valign="top"><p>getAttributeValue()</p></td>
    <td><p>get the value of a specified attribute, as a String.</p></td>
  </tr>
  <tr>
    <td valign="top"><p>getStringValue()</p></td>
    <td><p>get the string value of a node, as defined in the XPath data model</p></td>
  </tr>
  <tr>
    <td valign="top"><p>getTypedValue()</p></td>
    <td><p>get the typed value of a node, as defined in the XPath 2.0 data model. This is in general a sequence
    of atomic values, so the result is a <code>SequenceIterator</code>.</p></td>
  </tr>  
  <tr>
    <td valign="top"><p>getParent()</p></td>
    <td><p>get the <code>NodeInfo</code> representing the parent element, (which will be a <code>DocumentInfo</code> object
     if this is the outermost element).</p></td>
  </tr>
  <tr>
    <td valign="top"><p>iterateAxis()</p></td>
    <td><p>returns an SequenceIterator object that can be used to iterate over the nodes on any of the
    XPath axes. The first argument is an integer identifying the axis; the second is a <code>NodeTest</code> (a
    simple form of pattern) which can be used to filter the nodes on the axis. Supply <code>null</code>
    if you want all the nodes on the axis. (For most applications, it is probably simpler to navigate
    from a node by compiling an XPath expression, and executing it with the correct starting node as
    the context node).</p></td>
  </tr>
</table>

<p>For other methods, see the JavaDoc documentation.</p>

<p>It is possible (though not easy) to provide your own implementation of the <code>NodeInfo</code> interface,
perhaps allowing Saxon queries to run directly against some non-XML data source. There are helper methods in the
<code>net.sf.saxon.om.Navigator</code> class that reduce the amount of code you need to write to achieve this.
See the implementations that map <code>NodeInfo</code> to DOM, DOM4J, JDOM or XOM to see how it is done.</p>

</page>
<page>

<h2 id="building">Building the Source Document</h2>


<p>The first thing the application must do is to build the source document, in the form of a tree.
The simplest approach is to use the sequence:</p> 

<example>    String systemId = new File(sourceFile).toURL().toString();
    DocumentInfo doc = new XPathEvaluator().buildDocument(
                         new SAXSource(new InputSource(systemId)));
</example>


<p>You can define the parser to be used by supplying a parser within the <code>SAXSource</code> object. 
If you don't supply a parser, Saxon will select one
using the JAXP mechanisms, specifically, the system property <code>javax.xml.parsers.DocumentBuilderFactory</code>.
</p>

<p>If you want to use different parsers depending on the URI of the document being read,
you can achieve this by writing a <code>URIResolver</code> that nominates the parser to be used for each
input file.</p>

<p>For more information about the different ways of loading source documents, see
<xref section="sourcedocs">Handling Source Documents</xref>.</p>


</page>

</body>
</html>
