<?xml version="1.0"?><html section="xsl-elements" xmlns:xsi="http://www.w3.org/2001/XMLSchema-instance" xsi:noNamespaceSchemaLocation="file:///c:/MyJava/doc/saxon8/saxon-doc-schema.xsd">

<head>
<title>XSLT Elements</title>
</head>

<body>

<h1>XSLT Elements</h1>

<page>
<h2 id="intro">Introduction</h2>

<p>This section of the Saxon documentation lists the standard XSLT elements, 
all of which are supported in Saxon stylesheets, and gives brief descriptions of their function. In
some cases the text gives information specific to the Saxon implementation. For
extension elements provided with the Saxon product, see
 <xref section="extensions">Extensions</xref>.</p>

<p>Saxon implements the XSLT version 2.0 Recommendation from the World Wide Web Consortium:
 see <xref section="conformance">Conformance</xref>. The information here is designed to
 give a summary of the features: for the full specification, consult the official standard.</p>



</page><page><h2 id="analyze-string">xsl:analyze-string</h2>




<p>The <code>xsl:analyze-string</code> element is new in XSLT 2.0. It applies a regular expression to
a supplied string value. The string is split into a sequence of substrings, each of which is
classified as either a matching substring (if it matches the regular expression) or a non-matching
substring (if it doesn't). The substrings are then processed individually: the matching substrings by
a <code>xsl:matching-substring</code> element that appears as a child of the <code>xsl:analyze-string</code>
instruction, the non-matching substrings by a similar <code>xsl:non-matching-substring</code> element.
If either of these is omitted, the relevant substrings are not processed.</p>

<p>The element has three attributes: <code>select</code> is an XPath expression whose value is the string
to be analyzed; <code>regex</code> is the regular expression (which may be given as an attribute value
template), and <code>flags</code> provides one or more Perl-like flags to control the way in which
regular expression matching is performed, for example the value "m" indicates multi-line mode.</p>

<p>When processing matching substrings, it is possible to call the <code>regex-group()</code> function
to find the parts of the matching substring that matched particular parenthesized groups within the
regular expression.</p>

<p>There are <a href="http://www.w3.org/TR/xslt20/#regex-examples">examples</a> of this element in the XSLT 2.0 Working Draft.</p>

</page><page><h2 id="apply-imports">xsl:apply-imports</h2>


<p>The <code>xsl:apply-imports</code> element is used in conjunction with imported stylesheets. There
are no attributes. The element may contain zero or more <code>xsl:with-param</code> elements (as permitted
in XSLT 2.0).</p>

<p>At run-time, there must be a <i>current template</i>. A current template is established when
a template is activated as a result of a call on <code>xsl:apply-templates</code>. 
Calling <code>xsl:call-template</code>
does not change the current template. Calling 
<xref page="for-each">xsl:for-each</xref> or <xref page="for-each-group">xsl:for-each-group</xref>
 causes the current template to become null.</p>

<p>The effect is to search for a template that matches the current node and that is defined in
a stylesheet that was imported (directly or indirectly, possibly via <code>xsl:include</code>) from the
stylesheet containing the current template, and whose mode matches the current mode.
 If there is such a template, it is activated using the current node. If not, the call on
 <code>xsl:apply-imports</code> has no effect.</p>

<p>To supply parameters to the called template, one or more <xref page="with-param">xsl:with-param</xref> elements
may be included. The values of these parameters are available to the called template. If the
<code>xsl:with-param</code> element specifies <code>tunnel="yes"</code>, then the parameter is passed
transparently through to templates called at any depth, but it can only be referenced by an
<code>xsl:param</code> element that also specifies <code>tunnel="yes"</code>. If the default value,
<code>tunnel="no"</code> is used, then the parameter value is available only in the immediately
called template, and only if the <code>xsl:param</code> element specifies <code>tunnel="no"</code>
(explicitly or by defaulting the attribute).</p>


</page><page><h2 id="apply-templates">xsl:apply-templates</h2>


<p>The <code>xsl:apply-templates</code> element causes navigation from the current element, usually
but not necessarily to process its children. Each selected node is processed using
the best-match <code>xsl:template</code> defined for that node. </p>

<p>The <code>xsl:apply-templates</code> element takes an optional attribute, <code>mode</code>, which identifies the
processing mode. If this attribute is present, only templates with a matching <code>mode</code> parameter will
be considered when searching for the rule to apply to the selected elements.</p>

<p>It also takes an optional attribute, <code>select</code>.</p>

<p>If the <code>select</code> attribute is <i>omitted</i>, apply-templates causes all the immediate
children of the current node to be processed: that is, child elements and
character content, in the order in which it appears. Character content must be processed by
a template whose match pattern will be something like <code>*/text()</code>. Child elements similarly
 are processed using the appropriate template,
 selected according to the rules given below under <xref page="template">xsl:template</xref>.</p>

<p>If the <code>select</code> attribute is <i>included</i>, the result must be a sequence of nodes. 
All nodes selected by the expression are processed.</p>

<p>The <code>xsl:apply-templates</code> element is usually empty, in which case the selected nodes are
processed in the order they are selected (this will usually be document order, but this depends on the
<code>select</code> expression that is used). However the element may include <code>xsl:sort</code> and/or
<code>xsl:param</code> elements:</p>
 <ul>

<li><p>For sorted processing, one or more
child <xref page="sort">xsl:sort</xref> elements may be included. These define the sort order to be applied to the
selection. The sort keys are listed in major-to-minor order.</p></li>

<li><p>To supply parameters to the called template, one or more <xref page="with-param">xsl:with-param</xref> elements
may be included. The values of these parameters are available to the called template. If the
<code>xsl:with-param</code> element specifies <code>tunnel="yes"</code>, then the parameter is passed
transparently through to templates called at any depth, but it can only be referenced by an
<code>xsl:param</code> element that also specifies <code>tunnel="yes"</code>. If the default value,
<code>tunnel="no"</code> is used, then the parameter value is available only in the immediately
called template, and only if the <code>xsl:param</code> element specifies <code>tunnel="no"</code>
(explicitly or by defaulting the attribute).</p></li>
</ul>

<p>The selected nodes are processed in a particular <i>context</i>. This context includes:</p>
<ul>

<li><p>A current node: the node being processed</p></li>
<li><p>A current node list: the list of nodes being processed, in the order they are processed (this affects the
 value of the position() and last() functions)</p></li>
<li><p>A set of variables, which initially is those variable defined as parameters</p></li>
</ul>


<p>Some examples of the most useful forms of select expression are listed below:</p>

<table>
  <tr>
    <td width="24%" valign="top"><p><b>Expression</b></p></td>
    <td width="76%" valign="top"><p><b>Meaning</b></p></td>
  </tr>
  <tr>
    <td width="24%" valign="top"><p>XXX</p></td>
    <td width="76%" valign="top"><p>Process all immediate child elements with tag XXX</p></td>
  </tr>
  <tr>
    <td width="24%" valign="top"><p>*</p></td>
    <td width="76%" valign="top"><p>Process all immediate child elements
     (but not character data within the element)</p></td>
  </tr>
  <tr>
    <td width="24%" valign="top"><p>../TITLE</p></td>
    <td width="76%" valign="top"><p>Process the TITLE children of the parent element</p></td>
  </tr>
  <tr>
    <td width="24%" valign="top"><p>XXX[@AAA]</p></td>
    <td width="76%" valign="top"><p>Process all XXX child elements having
    an attribute named AAA</p></td>
  </tr>
  <tr>
    <td width="24%" valign="top"><p>@*</p></td>
    <td width="76%" valign="top"><p>Process all attributes of the current element</p></td>
  </tr>
  <tr>
    <td width="24%" valign="top"><p>*/ZZZ</p></td>
    <td width="76%" valign="top"><p>Process all grandchild ZZZ elements </p></td>
  </tr>
  <tr>
    <td width="24%" valign="top"><p>XXX[ZZZ]</p></td>
    <td width="76%" valign="top"><p>Process all child XXX elements that have a child ZZZ</p></td>
  </tr>
  <tr>
    <td width="24%" valign="top"><p>XXX[@WIDTH and not(@width="20")]</p></td>
    <td width="76%" valign="top"><p>Process all child XXX elements that have a WIDTH attribute whose
     value is not "20"</p></td>
  </tr>
  <tr>
    <td width="24%" valign="top"><p>AUTHOR[1]</p></td>
    <td width="76%" valign="top"><p>Process the first child AUTHOR element</p></td>
  </tr>
  <tr>
    <td width="24%" valign="top"><p>APPENDIX[@NUMBER][last()]</p></td>
    <td width="76%" valign="top"><p>Process the last child APPENDIX element having a NUMBER
     attribute</p></td>
  </tr>
  <tr>
    <td width="24%" valign="top"><p>APPENDIX[last()][@NUMBER]</p></td>
    <td width="76%" valign="top"><p>Process the last child APPENDIX element provided
    it has a NUMBER attribute</p></td>
  </tr>
  
</table>


<p>The full syntax of select expressions is outlined in <xref section="expressions">XPath Expression Syntax</xref>.</p>


</page><page><h2 id="attribute">xsl:attribute</h2>


<p>The <code>xsl:attribute</code> element is used to add an attribute value to an
<code>xsl:element</code> element or general formatting element, or to an element created using <code>xsl:copy</code>.
The attribute must be output immediately after the element, with no intervening character data.
 The name of the attribute is indicated by the
<code>name</code> attribute and the value by the content of the <code>xsl:attribute</code> element.</p>

<p>The attribute name is interpreted as an <i>attribute value template</i>, so it may contain string expressions
within curly braces. The full syntax of string expressions is 
outlined in <xref section="expressions">XPath Expression Syntax</xref>.
</p>

<p>The attribute value may be given either by a <code>select</code> attribute or by an enclosed
sequence constructor. If the <code>select</code> attribute is used and the value is a sequence, then
the items in the sequence are output space-separated.</p>

<p>The <code>separator</code> attribute is not yet available.</p>

<p>For example, the following code creates a &lt;FONT&gt; element with several attributes:</p>

<example>&lt;xsl:element name="FONT"&gt;
    &lt;xsl:attribute name="SIZE"&gt;4&lt;/xsl:attribute&gt;
    &lt;xsl:attribute name="FACE"&gt;Courier New&lt;/xsl:attribute&gt;
Some output text
&lt;/xsl:element&gt;
</example>

<p>A new attribute <code>type</code> is available in XSLT 2.0. This indicates the
data type of the value of the attribute. In Saxon, the value must be a built-in type defined
in XML Schema, for example <code>xs:integer</code> or <code>xs:date</code>. Type annotations
are only accessible if the attribute is added to a temporary tree that specifies 
<code>validation="preserve"</code>. The value given to the attribute must be a string
that conforms to the rules for the data type, as defined in XML Schema.</p>

<p>There are two main uses for the <code>xsl:attribute</code> element: </p>
<ul>
<li><p>It is the only way to set attributes on an element generated dynamically using xsl:element</p></li>
<li><p>It allows attributes of a literal result element to be calculated using xsl:value-of.</p></li>
</ul>

<p>The <code>xsl:attribute</code> must be output immediately after the relevant element is generated: there must
be no intervening character data (other than white space which is ignored). Saxon outputs the closing
"&gt;" of the element start tag as soon as something other than an attribute is written to the output
stream, and rejects an attempt to output an attribute if there is no currently-open start tag. Any special
characters within the attribute value will automatically be escaped (for example, "&lt;" will be output as
"&amp;lt;")</p>

<p>If two attributes are output with the same name, the second one takes precedence.</p>


</page><page><h2 id="attribute-set">xsl:attribute-set</h2>



<p>The <code>xsl:attribute-set</code> element is used to declare a named collection of attributes, which will often
be used together to define an output style. It is declared at the top level (subordinate to <code>xsl:stylesheet</code>).</p>

<p>An attribute-set contains a collection of <code>xsl:attribute</code> elements.</p>

<p>The attributes in an attribute-set can be used in several ways:</p>
<ul>
<li><p>They can be added to a literal result element by specifying <code>xsl:use-attribute-sets</code> in the list of attributes
for the element. The value is a space-separated list of attribute-set names. Attributes specified explicitly on
the literal result element, or added using <code>xsl:attribute</code>, override any that are specified in the attribute-set
definition.</p></li>
<li><p>They can be added to an element created using <code>xsl:element</code>, by specifying use-attribute-sets in the list of attributes
for the xsl:element element. The value is a space-separated list of attribute-set names. Attributes specified explicitly on
the literal result element, or added using <code>xsl:attribute</code>, override any that are specified in the attribute-set
definition.</p></li>
<li><p>One attribute set can be based on another by specifying <code>use-attribute-sets</code> in the list of attributes
for the <code>xsl:attribute-set</code> element. Again, attributes defined explicitly in the attribute set override any that
are included implicitly from another attribute set.</p></li>
</ul>

<p>Attribute sets named in the <code>xsl:use-attribute-sets</code> or <code>use-attribute-sets</code> attribute 
are applied in the order given: if the same attribute is generated more than once, the later value always takes
precedence.</p>


</page><page><h2 id="call-template">xsl:call-template</h2>



<p>The <code>xsl:call-template</code> element is used to invoke a named template.</p>

<p>The <code>name</code> attribute is mandatory and must match the name defined on an <code>xsl:template</code> element.</p>

<p>Saxon supports an alternative instruction <code>saxon:call-template</code>. This has the same
effect as <code>xsl:call-template</code>, except that the <code>name</code> attribute may be written as an attribute value template, allowing
the called template to be decided at run-time. The string result of evaluating the attribute value
template must be a valid QName that identifies a named template somewhere in the stylesheet.</p>

<p>To supply parameters to the called template, one or more <xref page="with-param">xsl:with-param</xref> elements
may be included. The values of these parameters are available to the called template. If the
<code>xsl:with-param</code> element specifies <code>tunnel="yes"</code>, then the parameter is passed
transparently through to templates called at any depth, but it can only be referenced by an
<code>xsl:param</code> element that also specifies <code>tunnel="yes"</code>. If the default value,
<code>tunnel="no"</code> is used, then the parameter value is available only in the immediately
called template, and only if the <code>xsl:param</code> element specifies <code>tunnel="no"</code>
(explicitly or by defaulting the attribute).</p>

<p>The context of the called template (for example the current node and current node list) is the same as
that for the calling template; however the variables defined in the calling template are not accessible in
the called template.</p>



</page><page><h2 id="character-map">xsl:character-map</h2>


<p>The <code>xsl:character-map</code> declaration defines a named character map for use
during serialization. The <code>name</code> attribute gives the name of the character map, which can be
referenced from the <code>use-character-maps</code> attribute of <code>xsl:output</code>. The
<code>xsl:character-map</code> element contains a set of <code>xsl:output-character</code> elements each
of which defines the output representation of a given Unicode character. The character is specified using
the <code>character</code> attribute, the string which is to replace this character on serialization is
specified using the <code>string</code> attribute. Both attributes are mandatory.</p>

<p>The replacement string is output <i>as is</i>, even if it contains special (markup) characters. So, for
example, you can define &lt;xsl:output-character character="&amp;#xa0;" string="&amp;nbsp;"/&gt; to ensure that
NBSP characters are output using the entity reference <code>&amp;nbsp;</code>.</p>

<p>Character maps allow you to produce output that is not well-formed XML, and they thus provide a replacement
facility for <code>disable-output-escaping</code>. A useful technique is to use characters in the Unicode
private use area (xE000 to xF8FF) as characters which, if present in the result tree, will be mapped to
special strings on output. For example, if you want to generate a proprietary XML-like format that uses
tags such as &lt;!IF&gt;, &lt;!THEN&gt;, and &lt;!ELSE&gt;, then you could map these to the three characters
xE000, xE001, xE002 (which you could in turn define as entities so they can be written symbolically in your
stylesheet or source document).</p>

<p>Character maps are preferred to <code>disable-output-escaping</code> because they do not rely on an
intimate interface between the transformation engine and the serializer, and they do not distort the data model. The
special characters can happily be stored in a DOM, passed across the SAX interface, or manipulated in any
other way, before finally being rendered by the serializer.</p>

<p>Character maps may be assembled from other character maps using the <code>use-character-maps</code>
attribute. This contains a space-separated list of the names of other character maps that are to be
included in this character map.</p>

<p>Using character maps may be expensive at run-time. I have not measured the effect. Saxon currently makes no
special attempts to optimize their use: if character maps are used, then every character that is output
will be looked up in a hash table to see if there is a replacement string.</p>


</page><page><h2 id="choose">xsl:choose</h2>



<p>The <code>xsl:choose</code> element is used to choose one of a number of alternative outputs. The element
typically contains a number of <xref page="when">xsl:when</xref> elements, each with a separate test condition. The first
<code>xsl:when</code> element whose condition matches the current element in the source document is expanded, the others
are ignored. If none of the conditions is satisfied, the <xref page="otherwise">xsl:otherwise</xref> child element, if any, is
expanded.</p>

<p>The test condition in the <code>xsl:when</code> element is a boolean expression.
The full syntax of expressions is outlined in <xref section="expressions">XPath Expression Syntax</xref>.</p>


<p>Example:</p>

<example>
&lt;xsl:choose&gt;
    &lt;xsl:when test="@cat='F'"&gt;Fiction&lt;/xsl:when&gt;
    &lt;xsl:when test="@cat='C'"&gt;Crime&lt;/xsl:when&gt;
    &lt;xsl:when test="@cat='R'"&gt;Reference&lt;/xsl:when&gt;
    &lt;xsl:otherwise&gt;General&lt;/xsl:otherwise&gt;
&lt;/xsl:choose&gt;
</example>



</page><page><h2 id="comment">xsl:comment</h2>



<p>The <code>xsl:comment</code> element can appear anywhere within an <code>xsl:template</code>. It indicates
text that is to be output to the current output stream in the form of an XML or HTML
comment.</p>

<p>The content of the comment may be given either by a <code>select</code> attribute or by an enclosed
sequence constructor. If the <code>select</code> attribute is used and the value is a sequence, then
the items in the sequence are output space-separated.</p>

<p>For example, the text below inserts some JavaScript into a generated HTML document:</p>

<example>&lt;script language="JavaScript"&gt;
    &lt;xsl:comment&gt;
        function bk(n) {
            parent.frames['content'].location="chap" + n + ".1.html";
        }
    //&lt;/xsl:comment&gt;
&lt;/script&gt;
</example>

<p>Note that special characters occurring within the comment text will <i>not</i>
be escaped.</p>

<p>The <code>xsl:comment</code> element will normally contain text only but it may contain other
elements such as <xref page="if">xsl:if</xref> or <xref page="value-of">xsl:value-of</xref>.
However, it should not contain literal result elements.
</p>

<p><i>Tip: the <code>xsl:comment</code> element can be very useful for debugging your stylesheet. Use comments in the generated
output as a way of tracking which rules in the stylesheet were invoked to produce the output.</i></p>


</page><page><h2 id="copy">xsl:copy</h2>



<p>The <code>xsl:copy</code> element causes the current XML node in the source document to be copied to the
output. The actual effect depends on whether the node is an element, an attribute, or a text node.</p>

<p>For an element, the start and end element tags are copied; the attributes, character content and child elements
are copied only if <code>xsl:apply-templates</code> is used within <code>xsl:copy</code>.</p>

<p>Attributes of the generated element can be defined by reference to a named attribute set.
The optional use-attribute-sets attribute contains a white-space-separated list of attribute set names. They
are applied in the order given: if the same attribute is generated more than once, the later value always takes
precedence.</p>

<p>The following example is a template that copies the input element to the output, together with all its
child elements, character content, and attributes:</p>

<example>&lt;xsl:template match="*|text()|@*"&gt;
    &lt;xsl:copy&gt;
        &lt;xsl:apply-templates select="@*"/&gt;
        &lt;xsl:apply-templates/&gt;
    &lt;/xsl:copy&gt;
&lt;/xsl:template&gt;
</example>



</page><page><h2 id="copy-of">xsl:copy-of</h2>



<p>The <code>xsl:copy-of</code> element copies of the value of the
expression in the mandatory <code>select</code> attribute to the result tree</p>

<p>If this expression is a string, a number, or a boolean, the effect is the same as using
<code>xsl:sequence</code>.</p>

<p>There is an optional attribute <code>copy-namespaces</code> whose value is "yes" or "no". The default
is "yes". This controls whether the in-scope namespaces of any element nodes copied by this instruction
are automatically copied to the result tree. If the value is "no", then namespaces will only be copied
if they are actually used in the names of elements or attributes. This allows you, for example, to
copy the contents of a SOAP message without copying the namespaces declared in its envelope.</p>

<!--<p>There is an optional attribute <code>copy-type-annotations</code> whose value is "yes" or "no". The default
is "yes". This controls whether the type annotations of any element or attribute nodes copied by this instruction
are automatically copied to the result tree. Note that this has no effect unless the destination tree
specifies <code>type-information="preserve"</code>.</p>-->

<!--<p>There is an optional <code>separator</code> attribute. All the items in the sequence are output,
separated by the value of the <code>separator</code> attribute (which may be specified
as an <i>attribute value template</i>). The default separator is "" (a zero-length string).</p>-->



</page><page><h2 id="decimal-format">xsl:decimal-format</h2>



<p>The <code>xsl:decimal-format</code> element is used at the top level of a stylesheet to indicate a set of localisation
parameters. If the <code>xsl:decimal-format</code> element has a <code>name</code> attribute, it identifies a named format; if not, it identifies the
default format.</p>

<p>In practice decimal formats are used only for formatting numbers using the
 <code>format-number()</code> function in XPath expressions.
For details of the attributes available, see the XSLT specification.</p>

</page><page><h2 id="document">xsl:document</h2>


<p>The <code>xsl:document</code> instruction creates a new document node. The content of the new document node
is created using the contained instructions (in the same way as <code>xsl:result-document</code>), and the new
document node is added to the result sequence. The instruction is useful mainly if you want to validate
the document: the element allows attributes <code>validation</code> and <code>type</code> which perform
document-level validation in the same way as the corresponding attributes on <code>xsl:result-document</code>.</p>

<p>The instruction also allows a function or template to create a temporary tree without the need to create
a variable and then return the value of the variable.</p>

<p>This instruction should not be confused with the instruction of the same name in the XSLT 1.1 draft, (which
is supported in Saxon 6.5.x). That instruction was a precursor to <code>xsl:result-document</code>.</p>

</page><page><h2 id="element">xsl:element</h2>


<p>The <code>xsl:element</code> instruction is used to create an output element 
whose name might be calculated at run-time.</p>

<p>The element has a mandatory attribute, <code>name</code>, which is the name of the generated element.
 The name attribute is an <i>attribute value template</i>, so it may contain string expressions inside
 curly braces.</p>

<p>The attributes of the generated element are defined by subsequent <code>xsl:attribute</code> elements. The
content of the generated element is whatever is generated between the <code>&lt;xsl:element&gt;</code> and
<code>&lt;/xsl:element&gt;</code> tags.</p>

<p>Additionally, attributes of the generated element can be defined by reference to a named attribute set.
The optional use-attribute-sets attribute contains a white-space-separated list of attribute set names. They
are applied in the order given: if the same attribute is generated more than once, the later value always takes
precedence.</p>

<p>For example, the following code creates a &lt;FONT&gt; element with several attributes:</p>

<example>&lt;xsl:element name="FONT"&gt;
    &lt;xsl:attribute name="SIZE"&gt;4&lt;/xsl:attribute&gt;
    &lt;xsl:attribute name="FACE"&gt;Courier New&lt;/xsl:attribute&gt;
Some output text
&lt;/xsl:element&gt;</example>

<p>A new attribute <code>type-annotation</code> is available in XSLT 2.0. This indicates the
data type of the value of the element. In Saxon 7.3, the value must be a built-in type defined
in XML Schema, for example <code>xs:integer</code> or <code>xs:date</code>. Type annotations
are only accessible if the attribute is added to a temporary tree that specifies 
<code>type-information="preserve"</code>. The value given to the element must be a string
that conforms to the rules for the data type, as defined in XML Schema. In particular
this means that the element must not have any element children.</p>

</page><page><h2 id="fallback">xsl:fallback</h2>



<p>The <code>xsl:fallback</code> element is used to define recovery action to be taken when an instruction
element is used in the stylesheet and no implementation of that element is available. An element is an
instruction element if its namespace URI is the standard URI for XSLT elements
or if its namespace is identified in the
<code>xsl:extension-element-prefixes</code> attribute of a containing literal result element, or in the
<code>extension-element-prefixes</code> attribute of the <code>xsl:stylesheet</code> element.</p>

<p>If the <code>xsl:fallback</code> element appears in
any other context, it is ignored, together with all its child and descendant elements.</p>

<p>There are no attributes.</p>

<p>If the parent element can be instantiated and processed, the <code>xsl:fallback</code> element
and its descendants are ignored. If the parent element is not recognised of if any failure occurs
 instantiating it,
 all its xsl:fallback children are processed in turn. If there are no xsl:fallback children, an
 error is reported.</p>

</page><page><h2 id="for-each">xsl:for-each</h2>



<p>The <code>xsl:for-each</code> element causes iteration over the nodes selected by a node-set expression.
It can be used as an alternative to <code>xsl:apply-templates</code> where the child nodes of the
current node are known in advance. There is a mandatory attribute, <code>select</code>, which defines
the nodes over which the statement will iterate. The XSLT statements subordinate to the <code>xsl:for-each</code> element
are applied to each source node selected by the node-set expression in turn.</p>

<p>The full syntax of expressions is outlined in <xref section="expressions">XPath Expression Syntax</xref>.</p>

<p>The <code>xsl:for-each</code> element may have one or more <code>xsl:sort</code> child elements to define the order of
 sorting. The sort keys are specified in major-to-minor order.</p>

<p>The expression used for sorting can be any string expressions. The following are
particularly useful:</p>

<ul>
<li><p>element-name, e.g. TITLE: sorts on the value of a child element</p></li>
<li><p>attribute-name, e.g. @CODE: sorts on the value of an attribute</p></li>
<li><p>".": sorts  on the character content of the element</p></li>
<li><p>"qname(.)": sorts on the name of the element</p></li>
</ul>

<p>Example 1:</p>

<example>&lt;xsl:template match="BOOKLIST"&gt;
    &lt;TABLE&gt;
    &lt;xsl:for-each select="BOOK"&gt;
        &lt;TR&gt;
        &lt;TD&gt;&lt;xsl:value-of select="TITLE"/&gt;&lt;/TD&gt;
        &lt;TD&gt;&lt;xsl:value-of select="AUTHOR"/&gt;&lt;/TD&gt;
        &lt;TD&gt;&lt;xsl:value-of select="ISBN"/&gt;&lt;/TD&gt;
        &lt;/TR&gt;        
    &lt;/xsl:for-each&gt;
    &lt;/TABLE&gt;
&lt;/xsl:template&gt;</example>

<p>Example 2: sorting with xsl:for-each. This example also shows a template for a BOOKLIST
element which processes all the child BOOK elements in order of their child AUTHOR elements.</p>

<example>&lt;xsl:template match="BOOKLIST"&gt;
    &lt;h2&gt;
        &lt;xsl:for-each select="BOOK"&gt;
            &lt;xsl:sort select="AUTHOR"/&gt;
            &lt;p&gt;AUTHOR: &lt;xsl:value-of select="AUTHOR"/&gt;&lt;/p&gt;
            &lt;p&gt;TITLE: &lt;xsl:value-of select="TITLE"/&gt;&lt;/p&gt;
            &lt;hr/&gt;
        &lt;/xsl:for-each&gt;            
    &lt;/h2&gt;
&lt;/xsl:template&gt;</example>




</page><page><h2 id="for-each-group">xsl:for-each-group</h2>


<p>The <code>xsl:for-each-group</code> element selects a sequence of nodes and/or atomic
values and organizes them into subsets called groups. There are four possible ways of defining the
grouping:</p>

<ul>
<li><p><b>group-by:</b> This groups together all items having the same value for a grouping key.
The grouping key may have multiple values (a sequence of values) in which case the item is added
to more than one group.</p></li>

<li><p><b>group-adjacent:</b> This groups together all items having the same value for a grouping key,
provided that they are also adjacent in the input sequence. This is useful when you need to wrap a
new element around a sequence of related elements in the source documents, for example a consecutive
sequence of <code>&lt;bullet&gt;</code> elements. In this case the grouping key must be single-valued.</p></li>

<li><p><b>group-starting-with:</b> This processes the items in the supplied sequence in turn, starting
a new group whenever one of the items matches a specified pattern. This is useful, for example,
when matching an <code>&lt;h2&gt;</code> element and its following <code>&lt;p&gt;</code>
elements.</p></li>

<li><p><b>group-ending-with:</b> This processes the items in the supplied sequence in turn, closing
the current group whenever one of the items matches a specified pattern. This is useful
when matching a sequence of items in which the last item in the group carries some distinguishing
attribute such as <code>continued="no"</code>.</p></li>

</ul>

<p>Saxon implements the <code>xsl:for-each-group</code> instruction in full, except that some error
conditions are not detected. For examples of using the instruction, see 
<a href="http://www.w3.org/TR/xslt20/#grouping">the draft XSLT 2.0 specification</a>.</p>



</page><page><h2 id="function">xsl:function</h2>



<p>The <code>xsl:function</code> element defines a function within a stylesheet. The function is written
in XSLT but it may be called from any XPath expression in the stylesheet. It must have a non-default
namespace prefix.</p>


<p>Example:</p>
<example>&lt;xsl:function name="my:factorial" as="xs:integer"&gt;
&lt;xsl:param name="number" as="xs:integer"/&gt; 
&lt;xsl:sequence 
            select="if ($number=0) then 1 else $number * my:factorial($number-1)"/&gt;</example>


<p>In limited circumstances, stylesheet functions (<code>xsl:function</code>) now optimise tail-recursion.
The circumstances are that the <code>select</code> expression of the <code>xsl:result</code> instruction
must contain a call on the same function as the <code>then</code> or <code>else</code> part of a
conditional expression (which may be nested in further conditional expressions). It may require a little
care to write functions to exploit this. The example above is not tail-recursive, because
the recursive call is within an arithmetic expression: the multiplication takes place on return
from the recursive call. It can be recast in tail-recursive form by adding an extra parameter (which should
be set to 1 on the initial call):</p>

<example>&lt;xsl:function name="x:factorial"&gt;
    &lt;xsl:param name="acc" as="xs:integer?"/&gt;
    &lt;xsl:param name="n" as="xs:integer"/&gt;
    &lt;xsl:sequence as="xs:integer" 
         select="if ($n = 1) 
                 then $acc
                 else x:factorial($acc*$n, $n - 1)" /&gt;
&lt;/xsl:function&gt;</example>

<p>The call <code>x:factorial(1, 5)</code> returns 120.</p>

<p>Saxon defines an extra attribute on <code>xsl:function</code>: <code>saxon:memo-function="yes"</code>
indicates that Saxon should remember the
results of calling the function in a cache, and if the function is called again
with the same arguments, the result is retrieved from the cache rather than being
recalculated. Further details: see 
<xref section="extensions" page="attributes" subpage="memo-function">saxon:memo-function</xref>.</p>


</page><page><h2 id="if">xsl:if</h2>



<p>The <code>xsl:if</code> element is used for conditional processing. It takes a mandatory <code>test</code>
attribute, whose value is a boolean expression. The contents of the xsl:if element are expanded only
of the expression is true.</p>

<p>The full syntax of boolean expressions is outlined in <xref section="expressions">XPath Expression Syntax</xref>.</p>

<p>Example:</p>
<example>&lt;xsl:if test="@preface"&gt;
        &lt;a href="preface.html"&gt;Preface&lt;/a&gt;
&lt;/xsl:if&gt;</example>

<p>This includes a hyperlink in the output only if the current element has a <code>preface</code>
attribute.</p>


</page><page><h2 id="include">xsl:include</h2>



<p>The <code>xsl:include</code> element is always used at the top level of the stylesheet. It has a
mandatory <code>href</code> attribute, which is a URL (absolute or relative) of another stylesheet
to be textually included within this one. The top-level elements of the included stylesheet
effectively replace the xsl:include element.</p>

<p><code>xsl:include</code> may also be used at the top level of the included stylesheet, and so
on recursively.</p>


</page><page><h2 id="import">xsl:import</h2>

<p>The <code>xsl:import</code> element is always used at the top level of the stylesheet, and it must
 appear before all other elements at the top level. It has a
mandatory <code>href</code> attribute, which is a URL (absolute or relative) of another stylesheet
to be textually included within this one. The top-level elements of the included stylesheet
effectively replace the xsl:import element.</p>

<p>The <code>xsl:import</code> element may also be used at the top level of the included stylesheet, and so
on recursively.</p>

<p>The elements in the imported stylesheet have lower precedence than the elements in the
importing stylesheet. The main effect of this is on selection of a template when xsl:apply-templates
is used: if there is a matching template with precedence X, all templates with precedence less than
X are ignored, regardless of their priority.</p>


</page><page><h2 id="import-schema">xsl:import-schema</h2>

<p>Saxon implements the <code>xsl:import-schema</code> declaration in the schema-aware
product Saxon-SA only.</p>

<p>The <code>namespace</code> attribute specifies the target namespace of the schema to be
imported. Specify <code>namespace=""</code> to import a schema with no target namespace.</p>

<p>The <code>schema-location</code> attribute specifies where the schema document can be
found. This URI is passed through the URIResolver in the same way as the URIs used on
<code>xsl:include</code> and <code>xsl:import</code>. The attribute can be omitted only if
a schema for the required namespace has already been loaded in the <code>Configuration</code>,
for example if it has already been imported from another stylesheet module.</p>

<p>For further information see <xref section="schema-processing">Schema Processing</xref>.</p>

</page><page><h2 id="key">xsl:key</h2>


<p>The <code>xsl:key</code> element is used at the top level of the stylesheet to declare an attribute, or other value,
that may be used as a key to identify nodes using the <code>key()</code> function within an expression. Each xsl:key
definition declares a named key, which must match the name of the key used in the <code>key()</code> function.</p>

<p>The set of nodes to which the key applies is defined by a pattern in the match attribute: for example,
if <code>match="ACT|SCENE"</code> then every <code>ACT</code> element and every <code>SCENE</code> element is indexed by this key.</p>

<p>The value of the key, for each of these matched elements, is determined by the <code>use</code> attribute.
This is an expression, which is evaluated for each matched element. If the expression returns a node-set,
the typed value of each node in this node-set acts as a key value. For example, if <code>use="AUTHOR"</code>, then each
AUTHOR child of the matched element supplies one key value. </p>

<p>Note that:</p>
<ol>
<li><p>Keys are not unique: the same value may identify many different nodes</p></li>
<li><p>Keys are multi-valued: each matched node may have several (zero or more) values of the key, any one
of which may be used to locate that node</p></li>
<li><p>Keys can only be used to identify nodes within a single XML document: the key() function will return nodes
 that are in the same document as the current node.</p></li>
</ol>

<p>All three attributes, <code>name</code>, <code>match</code>, and <code>use</code>, are mandatory.</p>

<p>The optional <code>collation</code> attribute can be used when comparing strings.</p>

<p>Saxon does not yet allow the <code>xsl:key</code> element to contain a sequence constructor in place
of the <code>use</code> attribute.</p>


</page><page><h2 id="matching-substring">xsl:matching-substring</h2>


<p>The <code>xsl:matching-substring</code> element is used within an <code>xsl:analyze-string</code> element
 to indicate the
default action to be taken with substrings that match a regular expression.</p>

<p>See <xref page="analyze-string">xsl:analyze-string</xref>.</p>


</page><page><h2 id="message">xsl:message</h2>


<p>The <code>xsl:message</code> element causes a message to be displayed. The message
is the contents of the <code>xsl:message</code> element.</p>

<p>There is an optional attribute <code>terminate</code> with permitted values 
<code>yes</code> and <code>no</code>; the default is no. If the
value is set to yes, processing of the stylesheet is terminated after issuing the message. This
attribute may be supplied as an attribute value template.</p>

<p>By default the message is displayed on the standard error output stream. You can supply your
own message receiver if you want it handled differently. This must be a class that implements
the <code>net.sf.saxon.event.Receiver</code> interface. The content of the message is in general an
XML fragment. You can supply the Receiver using the -m option on the command line, or the
setMessageEmitter() method of the <code>Controller</code> class.</p>

<p>The sequence of calls to this Receiver is as follows: there is a single <code>open()</code> call at
the start of the transformation, and a single <code>close()</code> call at the end; and each evaluation of an <code>xsl:message</code>
instruction starts with a <code>startDocument()</code> call and ends with <code>endDocument()</code>. The <code>startDocument()</code>
event has a <code>properties</code> argument indicating whether <code>terminate="yes"</code> was specified, and the
<code>locationId</code> on calls such as <code>startElement()</code> and <code>characters()</code> can be used to identify
the location in the stylesheet where the message data originated (this is achieved by passing the supplied <code>locationId</code>
in a call to <code>getPipelineConfiguration().getLocator().getSystemId(locationId)</code>, or to <code>getLineNumber()</code>
on the same object).</p>

<p>Select the class <code>net.sf.saxon.event.MessageWarner</code> to have <code>xsl:message</code> output
notified to the JAXP <code>ErrorListener</code>, as described in the JAXP documentation.</p>

</page><page><h2 id="namespace">xsl:namespace</h2>

<p> The <code>xsl:namespace</code> instruction creates a namespace node. The <code>name</code>
attribute defines the name of the namespace node (that is, the namespace prefix) while the content of the
instruction defines the string value of the namespace node (that is, the namespace URI). The semantics
thus parallel <code>xsl:attribute</code> which creates attribute nodes.</p>

<p>It is rarely necessary to use this instruction explicitly. The only cases it is needed are where the namespaces
to be included in the result document are not known statically, and are not present in the source document.</p>

</page><page><h2 id="namespace-alias">xsl:namespace-alias</h2>


<p>The <code>xsl:namespace-alias</code> element is a top-level element that is used to control the mapping
between a namespace URI used in the stylesheet and the corresponding namespace URI used in the result
 document.</p>

<p>Normally when a literal result element is encountered in a template, the namespace used for the element
name and attribute names in the result document is the same as the namespace used in the stylesheet. If
a different namespace is wanted (e.g. because the result document is a stylesheet using the XSLT namespace),
then xsl:namespace-alias can be used to define the mapping.</p>

<p>Example: This example allows the prefix outxsl to be used for output elements that are to be
associated with the XSLT namespace. It assumes that both namespaces xsl and outxsl have been declared
and are in scope.</p>
 
<example>&lt;xsl:namespace-alias stylesheet-prefix="outxsl" result-prefix="xsl"/&gt;</example>


</page><page><h2 id="next-match">xsl:next-match</h2>

<p>The <b><code>xsl:next-match</code></b> instruction is very similar to <code>xsl:apply-imports</code>,
but with a different algorithm for choosing the next template to execute. It chooses the template rule
that matches the current node and that would have been chosen if the current template rule and all
higher precedence/priority rules were not there.</p>

</page><page><h2 id="non-matching-substring">xsl:non-matching-substring</h2>


<p>The <code>xsl:non-matching-substring</code> element is used within an <code>xsl:analyze-string</code> element
 to indicate the
default action to be taken with substrings that do not match a regular expression.</p>

<p>See <xref page="analyze-string">xsl:analyze-string</xref>.</p>

</page><page><h2 id="number">xsl:number</h2>

<p>The <code>xsl:number</code> element outputs the sequential number of a node in the source document.
 It takes an attribute <code>count</code> whose value is a pattern indicating which nodes to count;
 the default is to match all nodes of the same type and name as the current node.</p>

 <p>The <code>level</code> attribute may take three values: "single", "any", or "multiple".
  The default is "single".</p>

 <p>There is also an optional <code>from</code> attribute, which is also a pattern. 
  The exact meaning of this depends on the level.</p>


  <p>The calculation is as follows:</p>

 <table>
 <tr><td valign="top"><p>level=single</p></td><td>
 <p>If the current node matches the pattern, the counted node is the current node. Otherwise the
 counted node is the innermost ancestor of the current node that matches the pattern. If no ancestor
 matches the pattern, the result is zero. If the from attribute is present, the counted node must be
 a descendant of a node that matches the "from" pattern.</p>
 <p>The result is one plus the number of elder siblings of the counted node that match the count pattern.
 </p></td></tr>

 <tr><td valign="top" width="20%"><p>level=any</p></td><td><p>
 The result is the number of nodes in the document that match the count pattern, that are at or before
 the current node in document order, and that follow in document order the most recent node that matches the "from"
 pattern, if any. Typically this is used
 to number, say, the diagrams or equations in a document, or in some section or chapter of a document, regardless
 of where the diagrams or equations appear in the hierarchic structure.
 </p></td></tr>

 <tr><td valign="top" width="20%"><p>level=multiple</p></td><td><p>
 The result of this is not a single number, but a list of numbers. There is one number in the list for each
 ancestor of the current element that matches the count pattern and that is a descendant of the anchor element.
 Each number is one plus the number of elder siblings of the relevant element that match the count pattern. The
 order of the numbers is "outwards-in".</p></td></tr></table>

<p>There is an optional <code>format</code> attribute which controls the output format. This contains an alternating
sequence of format-tokens and punctuation-tokens. A format-token is any sequence of alphanumeric characters,
a punctuation-token is any other sequence. The following
values (among others) are supported for the format-token:</p>

<table>
<tr><td width="60"><p>1</p></td><td><p>Sequence 1, 2, 3, ... 10, 11, 12, ...</p></td></tr>
<tr><td width="60"><p>001</p></td><td><p>Sequence 001, 002, 003, ... 010, 011, 012, ... (any number of
leading zeroes)</p></td></tr>
<tr><td><p>a</p></td><td><p>Sequence a, b, c, ... aa, ab, ac, ...</p></td></tr>
<tr><td><p>A</p></td><td><p>Sequence A, B, C, ... AA, AB, AC, ...</p></td></tr>
<tr><td><p>i</p></td><td><p>Sequence i, ii, iii, iv, ... x, xi, xii, ...</p></td></tr>
<tr><td><p>I</p></td><td><p>Sequence I, II, III, IV, ... X, XI, XII, ...</p></td></tr>
</table>

<p>There is also support for various Japanese sequences (Hiragana, Katakana, and Kanji) using
the format tokens &amp;#x3042, &amp;#x30a2, &amp;#x3044, &amp;#x30a4, &amp;#x4e00, and
for Greek and Hebrew sequences.</p>

<p>The format token "one" gives the sequence "one", "two", "three", ... , while "ONE" gives
the same in upper-case.</p>

<p>The default format is "1".</p>

<p>Actually, any sequence of ASCII digits in the format is treated in the same way: writing 999
 has the same effect as writing 001. A sequence of Unicode digits other than ASCII
digits (for exaple, Tibetan digits) can also be used, and will result in decimal numbering using those
digits.</p>

<p>Similarly, any other character classified as a letter can be used, and will result in "numbering" using
all consecutive Unicode letters following the one provided. For example, specifying "x" will give the
sequence x, y, z, xx, xy, xz, yx, yy, yz, etc. Specifying the Greek letter alpha (&amp;#178;) will
 cause "numbering" using the Greek letters up to "Greek letter omega with tonos" (&amp;#206;).
 Only "i" and "I" (for roman numbering), and the Japanese characters listed above, are exceptions to this rule.</p>

<p>Successive format-tokens in the format are used to process successive numbers in the list.
If there are more format-tokens in the format than numbers in the list,
the excess format-tokens and punctuation-tokens are ignored. If there are fewer format-tokens
in the format than numbers in the list, the last format-token and the punctuation-token that
 precedes it are used to format all excess numbers, with the final punctuation-token being used
  only at the end.</p>

  <p>Examples:</p>

  <table>
  <thead>
  <tr><td width="34%"><p>Number(s)</p></td>
  <td width="33%"><p>Format</p></td>
  <td width="33%"><p>Result</p></td></tr>
  </thead>
  
  <tr><td><p>3</p></td>                <td><p>(1)</p></td>        <td><p>(3)</p></td></tr>
  <tr><td><p>12</p></td>               <td><p>I</p></td>          <td><p>XII</p></td></tr>
  <tr><td><p>2,3</p></td>              <td><p>1.1</p></td>        <td><p>2.3</p></td></tr>
  <tr><td><p>2,3</p></td>              <td><p>1(i)</p></td>       <td><p>2(iii)</p></td></tr>
  <tr><td><p>2,3</p></td>              <td><p>1.</p></td>         <td><p>2.3.</p></td></tr>
  <tr><td><p>2,3</p></td>              <td><p>A.1.1</p></td>      <td><p>B.3.</p></td></tr>
  <tr><td><p>2,3,4,5</p></td>          <td><p>1.1</p></td>        <td><p>2.3.4.5</p></td></tr>
  </table>
  
<p>This character may be preceded or followed by arbitrary punctuation (anything other than
these characters or XML special characters such as "&lt;") which is copied to the output verbatim.
For example, the value 3 with format "(a)" produces output "(c)".</p>

<p>It is also possible to use xsl:number to format a number obtained from an expression. This is achieved
using the value attribute of the xsl:number element. If this attribute is present, the count, level, and from
attributes are ignored.</p>

<p>With large numbers, the digits may be split into groups. For example, specify grouping-size="3" and
grouping-separator="/" to have the number 3000000 displayed as "3/000/000".</p>

<p>Negative numbers are always output in conventional decimal notation,
 regardless of the format specified.</p>

<p>Example: This example outputs the title child of an H2 element preceded by a composite number
 formed from the sequential number of the containing H1 element and the number of the containing H2 element.</p>
<example>&lt;xsl:template match="H2/TITLE"&gt;
        &lt;xsl:number count="H1"&gt;.&lt;xsl:number count="H2"&gt;
        &lt;xsl:text&gt; &lt;/xsl:text&gt;
        &lt;xsl:apply-templates/&gt;
&lt;/xsl:template&gt;</example>

</page><page><h2 id="otherwise">xsl:otherwise</h2>

<p>The <code>xsl:otherwise</code> element is used within an <code>xsl:choose</code> element to indicate the
default action to be taken if none of the other choices matches.</p>

<p>See <xref page="choose">xsl:choose</xref>.</p>

</page><page><h2 id="output">xsl:output</h2>


<p>The <code>xsl:output</code> element is used to control the format of serial output files resulting
from the transformation. It is always a top-level element immediately below the<code>xsl:stylesheet</code> element.
There may be multiple <code>xsl:output</code> elements; their values are accumulated as described in the
XSLT specification.</p>

<p>The following attributes may be specified:</p>

<table>

<tr>
<td valign="top" width="20%"><p>name</p></td>
<td><p>This provides a name for this output format, which may be referenced
in the <code>xsl:result-document</code> element.
By default, the unnamed output format is used.</p></td></tr>

<tr>
<td valign="top" width="20%"><p>method</p></td>
<td><p>This indicates the format or destination of the output. The value "xml" indicates
XML output (though if disable-output-escaping or character maps are
 used there is no guarantee that it is well-formed).
A value of "html" is used for HTML output. The value "text" indicates plain text output: in this case
no markup may be written to the file using constructs such as literal result elements, xsl:element,
xsl:attribute, or xsl:comment.</p>
<p><i>The value "xhtml" is supported, however, the output of this method doesn't follow all the rules
defined in the XSLT 2.0 specification, for example, no META element is created in the output.</i></p> 
<p>Alternatively output can be directed to a user-defined
Java program by specifying the name of the class as the value of the method attribute, prefixed by
a namespace prefix, for example "xx:com.me.myjava.MyEmitter". The class must be
on the classpath, and must implement either the org.xml.sax.DocumentHandler interface, the
org.xml.sax.ContentHandler interface, or the
 net.sf.saxon.output.Emitter interface. The last of these, though proprietary, is a richer interface that
  gives access to additional information.</p></td>
</tr>

<tr>
<td valign="top"><p>cdata-section-elements</p></td>
<td valign="top"><p>This is used only for XML output. It is a whitespace-separated list of
 element names. Character data belonging to these output elements will be written within CDATA
 sections.</p></td></tr>


<tr>
<td valign="top"><p>doctype-system</p></td>
<td><p>This is used only for XML output: it is copied into the DOCTYPE declaration
as the system identifier</p></td>
</tr>

<tr>
<td valign="top"><p>doctype-public</p></td>
<td><p>This is used only for XML output: it is copied into the DOCTYPE declaration
as the public identifier. It is ignored if there is no system identifier.</p></td>
</tr>

<tr>
<td valign="top"><p>encoding</p></td>
<td><p>A character encoding, e.g. iso-8859-1 or utf-8. The value must be one recognised
both by the Java run-time system and by Saxon itself: the encoding names that Saxon recognises are ASCII,
US-ASCII, iso-8859-1, utf-8, utf8, KOI8R, cp1251. It is used for three distinct purposes: to control character conversion
by the Java I/O routines; to determine which characters will be represented as character entities; and
to document the encoding in the output file itself. The default (and fallback) is utf-8.</p></td>
</tr>

<tr>
<td valign="top"><p>escape-uri-attributes</p></td>
<td><p>New in XSLT 2.0: values "yes" or "no" are accepted. This affects HTML output only.
It controls whether non-ASCII characters in HTML URI-valued attributes (for example, <code>href</code>)
are escaped using the %HH convention. The default is "yes".</p></td>
</tr>

<tr>
<td valign="top"><p>include-content-type</p></td>
<td><p>New in XSLT 2.0: values "yes" or "no" are accepted. This affects HTML output only.
It controls whether a <code>meta</code> tag is inserted into the HTML <code>head</code>
element. The default is "yes".</p></td>
</tr>

<tr>
<td valign="top"><p>indent</p></td>
<td><p>as in the XSLT spec: values "yes" or "no" are accepted. The indentation
algorithm is different for HTML and XML. For HTML it avoids outputting extra space before or
after an inline element, but will indent text as well as tags, except in elements such as PRE
and SCRIPT. For XML, it avoids outputting extra whitespace except between two tags. The
emphasis is on conformance rather than aesthetics!</p></td>
</tr>

<tr>
<td valign="top"><p>media-type</p></td>
<td><p>For example, "text/xml" or "text/html". This is largely documentary. However,
the value assigned is passed back to the calling application in the OutputDetails object, where
is can be accessed using the getMediaType() method. The supplied servlet application SaxonServlet
uses this to set the media type in the HTTP header.</p></td>
</tr>

<tr>
<td valign="top"><p>omit-xml-declaration</p></td>
<td><p>The values are "yes" or "no".
For XML output this controls whether an xml declaration should be output; the default is "no".
</p></td>
</tr>

<tr>
<td valign="top"><p>standalone</p></td>
<td><p>This is used only for XML output: if it is present, a standalone attribute
is included in the XML declaration, with the value "yes" or "no".</p></td>
</tr>

<tr>
<td valign="top"><p>use-character-maps</p></td>
<td valign="top"><p>A space-separated list of the names of character maps
 (see <xref page="character-map">xsl:character-map</xref>)
which will be applied to transform individual characters during serialization.</p></td></tr>


<tr>
<td valign="top"><p>version</p></td>
<td><p>Determines the version of XML or HTML to be output. Currently this is
documentary only.</p></td>
</tr>


</table>

<p>See <xref section="extensions" page="output-extras">Additional Serialization Parameters</xref>
for descriptions of additional attributes supported by Saxon on the <code>xsl:output</code> declaration.</p>




</page><page><h2 id="output-character">xsl:output-character</h2>

<p>This element defines one entry in a character map. See <xref page="character-map">xsl:character-map</xref>
for further details.</p>

</page><page><h2 id="param">xsl:param</h2>


<p>The <code>xsl:param</code> element is used to define a formal parameter to a template,
or to the stylesheet.</p>

<p>As a template parameter, it must be used as an immediate child of the <code>xsl:template</code> element.
As a stylesheet parameter, it must be used as an immediate child of the <code>xsl:stylesheet</code> element.</p>

<p>There is a mandatory attribute, <code>name</code>, to define the name
of the parameter. The default value of the parameter may be defined either by a <code>select</code> attribute, or by the
contents of the <code>xsl:param</code> element, in the same way as for <code>xsl:variable</code>. The default value is ignored
if an actual parameter is supplied with the same name.</p>

<p>There is an optional attribute, <code>as</code>, to define the type of the parameter. The actual supplied
parameter will be converted to this type if required. If the parameter is omitted, the default value must
conform to the type. Note that if no default is specified, the default is a zero-length string, which may
conflict with the required type.</p>

<p>The <code>type-information</code> attribute is removed at Saxon 7.5</p>

<p>The <code>required</code> attribute can take the values "yes" or "no". This isn't allowed
for function parameters, which are always required. If the parameter is required, no default
value may be specified. Failure to supply a value for a required parameter gives a run-time error
(the specification says that in the case of call-template, it should be a static error).</p>




</page><page><h2 id="perform-sort">xsl:perform-sort</h2>


<p>The <code>xsl:perform-sort</code> instruction takes a sequence as its input and
produces a sorted sequence as its output.</p>

<p>The input sequence may be specified either using the <code>select</code> attribute, or using the
instructions contained within the <code>xsl:perform-sort</code> instruction.</p>

<p>The sort criteria are specified using <code>xsl:sort</code> elements as children of
<code>xsl:perform-sort</code>, in the usual way.</p>

<p>For example:</p>

<example>&lt;xsl:perform-sort select="//BOOK"&gt;
    &lt;xsl:sort select="author/last-name"/&gt;
    &lt;xsl:sort select="author/first-name"/&gt;
&lt;/xsl:perform-sort&gt;</example>

<p>It's often useful to use <code>xsl:perform-sort</code> inside a stylesheet function; the function
can return the sorted sequence as its result, and can be invoked directly from an XPath expression.</p>


</page><page><h2 id="preserve-space">xsl:preserve-space</h2>


<p>The <code>xsl:preserve-space</code> element is used at the top level of the stylesheet to define elements in the source
document for which white-space nodes are significant and should be retained.</p>

<p>The <code>elements</code> attribute is mandatory, and defines a space-separated list of element names.
The value "*" may be used to mean "all elements"; in this case any elements where whitespace is not
to be preserved may be indicated by an <xref page="strip-space">xsl:strip-space</xref> element.</p>



</page><page><h2 id="processing-instruction">xsl:processing-instruction</h2>


<p>The <code>xsl:processing-instruction</code> element can appear anywhere within an 
<code>xsl:template</code>.
 It causes an XML processing
instruction to be output.</p>

<p>There is a mandatory <code>name</code> attribute which gives the name of the PI. This attribute is interpreted
as an <i>attribute value template</i>, so it may contain string expressions within curly braces.</p>

<p>The data part of the PI may be given either by a <code>select</code> attribute or by an enclosed
sequence constructor. If the <code>select</code> attribute is used and the value is a sequence, then
the items in the sequence are output space-separated.</p>

<p>For example:</p>

<example>&lt;xsl:processing-instruction name="submit-invoice"&gt;version="1.0"&lt;/xsl:processing-instruction&gt;</example>


<p>Note that special characters occurring within the PI text will <i>not</i>
be escaped.</p>




</page><page><h2 id="result-document">xsl:result-document</h2>

<p>The <code>xsl:result-document</code> element is new in XSLT 2.0, and replaces the previous extension element
<code>saxon:output</code>. It is used to direct output to a secondary output destination. </p>

<p>The <code>format</code> attribute is optional. If present,
it gives the name of an <code>xsl:output</code> element that describes the serialization
format for this output document; if absent, the unnamed <code>xsl:output</code> declaration
is used.</p>

<p>The <code>href</code> attribute gives the URI for the result document. If this is a relative
URI, it is interpreted relative to the base output URI. The base output URI is the systemID of the Result object
supplied as the destination for the transformation, or if you are using the command line, the value
of the <code>-o</code> flag. If the <code>href</code> attribute is omitted, the document is written
to the location identified by the base output URI: this will only work if all the output produced
by the stylesheet is within the scope of an <code>xsl:result-document</code> instruction.</p>

<p>If the base output URI is not known, then the current directory is used, unless the configuration
disables calling of extension functions, in which case it is assumed that the stylesheet is not trusted to
overwrite files relative to the current directory, and an error is then reported.</p>

<p>This base output URI must be a writable location. Usually it will therefore be a URI
that uses the "file:" scheme. However, Saxon attempts to open a connection whatever URI scheme
is used, and it should therefore work with any URI where the Java VM has the capability to open
a writable connection. Users have reported success in using "ftp:" and "mailto:" URIs.</p>

<p>The optional <code>validation</code> and <code>type</code> attributes determine what
happens to any type annotations on element or attribute nodes. These values must not be used in 
the basic Saxon product.</p>

<p>The <code>xsl:result-document</code> instruction may also take
serialization attributes such as <code>method</code>, <code>indent</code>, or <code>saxon:indent-spaces</code>.
These attributes may be AVTs, so the values can be decided at run-time. Any values specified on the
<code>xsl:result-document</code> instruction override the values specified on the <code>xsl:output</code>
declaration.</p>

<p>Here is an example that uses xsl:result-document:</p>

<example>&lt;xsl:template match="preface"&gt;
    &lt;xsl:result-document href="{$dir}/preface.html" method="html"&gt;
        &lt;html&gt;&lt;body bgcolor="#00eeee"&gt;&lt;center&gt;
            &lt;xsl:apply-templates/&gt;
        &lt;/center&gt;&lt;hr/&gt;&lt;/body&gt;&lt;/html&gt;
    &lt;/xsl:result-document&gt;
    &lt;a href="{$dir}/preface.html"&gt;Preface&lt;/a&gt;
&lt;/xsl:template&gt;</example>


<p>Here the body of the preface is directed to a file called preface.html (prefixed
by a constant that supplies the directory name). Output then reverts to the previous destination,
where an HTML hyperlink to the newly created file is inserted.</p>

</page><page><h2 id="sequence">xsl:sequence</h2>

<p>The <code>xsl:sequence</code> element is used to construct arbitrary sequences.
It may select any sequence of nodes and/or atomic values, and essentially adds these to the result
sequence. The input may be specified either by a <code>select</code> attribute, or by the instructions
contained in the <code>xsl:sequence</code> instruction, or both (the <code>select</code> attribute
is processed first). Nodes and atomic values are included in the result sequence directly. Unlike
<code>xsl:copy-of</code>, no copy is made.</p>

<p>The <code>as</code> attribute may be used to define the required type of the sequence. The actual
value is converted to the required type if necessary, using the conversions that are permitted on
function calls. (Specifically, atomization of nodes, casting of untyped atomic values, and numeric
promotion.) If the type cannot be converted, a run-time error occurs.</p>

<p>There are two main usage scenarios. The first is copying atomic values into a tree. For example:</p>

<example>&lt;e&gt;
    &lt;xsl:sequence select="1 to 5"/&gt;
    &lt;br/&gt;
    &lt;xsl:sequence select="6 to 10"/&gt;    
&lt;/e&gt;</example>

<p>which produces the output <code>&lt;e&gt;1 2 3 4 5&lt;br/&gt;6 7 8 9 10&lt;/e&gt;</code>.</p>

<p>The second, more important, is constructing a sequence-valued variable. A variable
is sequence-valued if the variable binding element (e.g. <code>xsl:variable</code>
has non-empty content, an <code>as</code> attribute, and no <code>select</code> attribute.
For example:</p>

<example>&lt;xsl:variable name="seq" as="xs:integer *"&gt;
    &lt;xsl:for-each select="1 to 5"&gt;&gt;
       &lt;xsl:sequence select=". * ."/&gt;
    &lt;/xsl:for-each/&gt;    
&lt;/xsl:variable&gt;</example>

<p>This produces the sequence (1, 4, 9, 16, 25) as the value of the variable.</p>

<p>The <code>xsl:sequence</code> instruction may be used to produce any sequence of nodes and/or
atomic values.</p>

<p>If nodes are constructed within a sequence-valued variable, they will be <b>parentless</b>. For
example, the following code creates a variable whose value is a sequence of three parentless 
attributes:</p>

<example>&lt;xsl:variable name="seq" as="attribute() *"&gt;
    &lt;xsl:attribute name="a"&gt;10&lt;/xsl:attribute&gt;
    &lt;xsl:attribute name="b"&gt;20&lt;/xsl:attribute&gt;
    &lt;xsl:attribute name="a"&gt;30&lt;/xsl:attribute&gt;
&lt;/xsl:variable&gt;</example>

<p>It is quite legitimate to have two attributes in the sequence with the same name; there is
no conflict until an attempt is made to add them both to the same element. The attributes can
be added to an element by using <code>&lt;xsl:copy-of select="$seq"/&gt;</code> within an
<code>xsl:element</code> instruction or within a literal result element. At this stage the usual
rule applies: if there are duplicate attributes, the last one wins.</p>

<p>From release 8.1 Saxon no longer allows an <code>xsl:sequence</code> element to have any
child instructions, other than optional <code>xsl:fallback</code> instructions. This is a change
to the specification made after the November 2003 draft was published, in response to last-call
comments.</p>

<p>At present it is probably more efficient in Saxon to use XPath facilities (<code>for</code>
 expressions, etc) to construct sequences, rather than doing it at the XSLT level.</p>

</page><page><h2 id="sort">xsl:sort</h2>


<p>The <code>xsl:sort</code> element is used within an <code>xsl:for-each</code> or <code>xsl:apply-templates</code>
or <code>saxon:group</code> element to indicate the order in which the selected elements are processed.</p>

<p>The <code>select</code> attribute (default value ".") is a string expression that calculates the sort
key.</p>

<p>The <code>order</code> attribute (values "ascending" or "descending", default "ascending") determines
the sort order. There is no control over language, collating sequence, or data type.</p>

<p>The <code>data-type</code> attribute determines whether collating is based
on alphabetic sequence or numeric sequence. The permitted values are either "text" or "number", or
a built-in type in XML Schema, such as <code>xs:date</code> or <code>xs:decimal</code>.</p>

<p>The <code>collation</code> attribute is the name of a collating sequence. If present it must refer to a name
established using the 
<xref section="extensions" page="instructions" subpage="collation">saxon:collation</xref>
 declaration in the stylesheet.</p>

<p>The <code>case-order</code> attribute (values "upper-first" and "lower-first") is relevant only for
data-type="text"; it determines whether uppercase letters are sorted before their lowercase equivalents,
or vice-versa.</p>

<p>The value of the <code>lang</code> attribute can be an ISO language code such as "en" (English) or
 "de" (German). It determines the algorithm used for alphabetic collating. The default is based on
 the Java system locale. The only collating sequence supplied with the Saxon product is "en" (English),
 but other values may be supported by writing a user-defined comparison class. If no comparison class
 is found for the specified language, a default algorithm is used which simply sorts according
 to Unicode binary character codes. The value of lang does not have to be a recognized language
 code, it is also possible to use values such as "month" to select a data-type-specific collating
 algorithm.</p>

<p>Several sort keys are allowed: they are written in major-to-minor order.</p>

<p>Example 1: sorting with xsl:apply-templates. This example shows a template for a BOOKLIST
element which processes all the child BOOK elements in order of their child AUTHOR elements; books
with the same author are in descending order of the DATE attribute.</p>

<example>&lt;xsl:template match="BOOKLIST"&gt;
    &lt;h2&gt;
        &lt;xsl:apply-templates select="BOOK"&gt;
            &lt;xsl:sort select="AUTHOR"/&gt;
            &lt;xsl:sort select="@DATE" order="descending" lang="GregorianDate"/&gt;
        &lt;/xsl:apply-templates&gt;            
    &lt;/h2&gt;
&lt;/xsl:template&gt;</example>




<p>Example 2: sorting with xsl:for-each. This example also shows a template for a BOOKLIST
element which processes all the child BOOK elements in order of their child AUTHOR elements.</p>

<example>&lt;xsl:template match="BOOKLIST"&gt;
    &lt;h2&gt;
        &lt;xsl:for-each select="BOOK"&gt;
            &lt;xsl:sort select="AUTHOR"/&gt;
            &lt;p&gt;AUTHOR: &lt;xsl:value-of select="AUTHOR"&gt;&lt;/p&gt;
            &lt;p&gt;TITLE: &lt;xsl:value-of select="TITLE"&gt;&lt;/p&gt;
            &lt;hr/&gt;
        &lt;/xsl:for-each&gt;            
    &lt;/h2&gt;
&lt;/xsl:template&gt;</example>




</page><page><h2 id="strip-space">xsl:strip-space</h2>


<p>The <code>xsl:strip-space</code> element is used at the top level of the stylesheet to define elements in the source
document for which white-space nodes are insignificant and should be removed from the tree before processing.</p>

<p>The <code>elements</code> attribute is mandatory, and defines a space-separated list of element names.
The value "*" may be used to mean "all elements"; in this case any elements where whitespace is not
to be stripped may be indicated by an <xref page="preserve-space">xsl:preserve-space</xref> element.</p>



</page><page><h2 id="stylesheet">xsl:stylesheet</h2>


<p>The <code>xsl:stylesheet</code> element is always
 the top-level element of an XSLT stylesheet. The
name <code>xsl:transform</code> may be used as a synonym.</p>

<p>The following attributes may be specified:</p>

<table>

<tr>
<td valign="top"><p>version</p></td>
<td><p>Mandatory. A value other than "1.0" invokes forwards compatibility mode.</p></td>
</tr>


<tr>
<td valign="top"><p>saxon:trace</p></td>
<td><p>Value "yes" or "no": default no. If set to "yes", causes activation
of templates to be traced on System.err for diagnostic purposes. The value may be overridden
by specifying a saxon:trace attribute on the individual template.</p></td>
</tr>


</table>



</page><page><h2 id="template">xsl:template</h2>


<p>The <code>xsl:template</code> element defines a processing rule for source elements or other nodes of a
particular type.</p>

<p>The type of node to be processed is identified by a pattern, written in the
mandatory <code>match</code> attribute. The most common form of pattern is simply an
element name. However, more complex patterns may also be used:
The syntax of patterns is given in more detail in <xref page="patterns">XSLT Pattern Syntax</xref></p>

<p>The following examples show some of the possibilities:</p>


<table>
  <tr>
    <td width="50%" valign="top"><p><b>Pattern</b></p></td>
    <td width="50%" valign="top"><p><b>Meaning</b></p></td>
  </tr>
  <tr>
    <td width="50%" valign="top"><p>XXX</p></td>
    <td width="50%" valign="top"><p>Matches any element whose name (tag) is XXX</p></td>
  </tr>
  <tr>
    <td width="50%" valign="top"><p><b>*</b></p></td>
    <td width="50%" valign="top"><p>Matches any element</p></td>
  </tr>
  <tr>
    <td width="50%" valign="top"><p>XXX/YYY</p></td>
    <td width="50%" valign="top"><p>Matches any YYY element 
    whose parent is an XXX</p></td>
  </tr>
  <tr>
    <td width="50%" valign="top"><p>XXX//YYY</p></td>
    <td width="50%" valign="top"><p>Matches any YYY element that has an ancestor named XXX</p></td>
  </tr>
  <tr>
    <td width="50%" valign="top"><p>/*/XXX</p></td>
    <td width="50%" valign="top"><p>Matches any XXX element that is immediately below
    the root (document) element</p></td>
  </tr>
  <tr>
    <td width="50%" valign="top"><p>*[@ID]</p></td>
    <td width="50%" valign="top"><p>Matches any element with an ID attribute</p></td>
  </tr>
  <tr>
    <td width="50%" valign="top"><p>XXX[1]</p></td>
    <td width="50%" valign="top"><p>Matches any XXX element that is the first XXX child of
    its parent element. (Note that this kind of pattern can be very inefficient: it is better to match all XXX
    elements with a single template, and then use xsl:if to distinguish them)</p></td>
  </tr>
  <tr>
    <td width="50%" valign="top"><p>SECTION[TITLE="Contents"]</p></td>
    <td width="50%" valign="top"><p>Matches any SECTION element whose first TITLE child element
    has the value "Contents"</p></td>
  </tr>
  <tr>
    <td width="50%" valign="top"><p>A/TITLE | B/TITLE | C/TITLE</p></td>
    <td width="50%" valign="top"><p>Matches any TITLE element whose parent is of type A or B or C</p></td>
  </tr>
  <tr>
    <td width="50%" valign="top"><p>text()</p></td>
    <td width="50%" valign="top"><p>Matches any character data node</p></td>
  </tr>
  <tr>
    <td width="50%" valign="top"><p>@*</p></td>
    <td width="50%" valign="top"><p>Matches any attribute</p></td>
  </tr>
  <tr>
    <td width="50%" valign="top"><p>/</p></td>
    <td width="50%" valign="top"><p>Matches the document node</p></td>
  </tr>
</table>


<p>The <code>xsl:template</code> element has an optional <code>mode</code> attribute. If this is present, the template
will only be matched when the same mode is used in the invoking <code>xsl:apply-templates</code> element.
The value can be a list of mode names, indicating that the template matches more than one mode; this list
can include the token <code>#default</code> to indicate that the template matches the default (unnamed)
mode. Alternatively the <code>mode</code> attribute can be set to <code>#all</code>, to indicate that the
template matches all modes. (This can be useful in conjunction with <code>xsl:next-match</code>: one
can write a template rule that matches in all modes, and then call <code>xsl:next-match</code> to continue
processing in the original mode.)</p>

<p>There is also an optional <code>name</code> attribute. If this is present, the template may be invoked
directly using <code>xsl:call-template</code>. The match attribute then becomes optional.</p>

<p>If there are several <code>xsl:template</code> elements that all match the same
node, the one that is chosen is determined by the optional <code>priority</code> attribute: the template
with highest priority wins. The priority is written as a floating-point number; the default priority
is 1. If two matching templates have the same priority, the one that appears last in the stylesheet
is used.</p>

<h3>Examples:</h3>

<p>The following examples illustrate different kinds of template and match pattern.</p>

<p><b>Example 1</b>: a simple XSLT template for a particular element. This example causes
all &lt;ptitle&gt; elements in the source document to be output as HTML &lt;h2&gt;
elements.</p>

<example>&lt;xsl:template match="ptitle"&gt;
    &lt;h2&gt;
        &lt;xsl:apply-templates/&gt;
    &lt;/h2&gt;
&lt;/xsl:template&gt;</example>


</page><page><h2 id="text">xsl:text</h2>


<p>The <code>xsl:text</code> element causes its content to be output.</p>

<p>The main reason for enclosing text within an <code>xsl:text</code> element is
to allow white space to be output.
White space nodes in the stylesheet are ignored unless they appear immediately within
an <code>xsl:text</code> element.</p>

<p>The optional <code>disable-output-escaping</code> attribute may be set to "yes" or "no"; the default is
"no". If set to "yes", special characters such as "&lt;" and "&amp;" will be output as themselves,
not as entities. Be aware that in general this can produce non-well-formed XML or HTML. It is useful,
however, when generating things such as ASP or JSP pages. Escaping may not be disabled when writing
to a result tree fragment.</p>

<p><i>Saxon 7.4 has reverted to the XSLT 1.0 specification of <code>xsl:text</code>: the instruction
must contain only text, it cannot contain a child element.</i></p>



</page><page><h2 id="value-of">xsl:value-of</h2>

<p>The <code>xsl:value-of</code> element evaluates an expression as a string,
 and outputs its value to the current result tree.</p>

<p>The full syntax of expressions is outlined in <xref section="expressions">XPath Expression Syntax</xref>.
</p>

<p>The <code>select</code> attribute identifes the expression. If this is not specified, the value
to be output is obtained by evaluating the sequence constructor contained within the <code>xsl:value-of</code>
element.</p>

<p>The optional <code>disable-output-escaping</code> attribute may be set to "yes" or "no"; the default is
"no". If set to "yes", special characters such as "&lt;" and "&amp;" will be output as themselves,
not as entities. Be aware that in general this can produce non-well-formed XML or HTML. It is useful,
however, when generating things such as ASP or JSP pages. Escaping may not be disabled when writing
to a result tree fragment.</p>

<p>If the <code>select</code> expression evaluates to a sequence containing more than one item,
the result depends on whether a <code>separator</code> attribute is present. If the
<code>separator</code> is absent when running in 1.0 mode, then only the
first item is considered. When running in 2.0 mode, all the items are output. The separator
defaults to a single space if the <code>select</code> attribute is used, or to a zero-length string
if a sequence constructor is used. The <code>separator</code> attribute may be specified
as an <i>attribute value template</i>.</p>


<p>Here are some examples of expressions that can be used in the select attribute:</p>



<table>
  <tr>
    <td width="50%" valign="top"><p><b>Expression</b></p></td>
    <td width="50%" valign="top"><p><b>value</b></p></td>
  </tr>
  <tr>
    <td width="50%" valign="top"><p>TITLE</p></td>
    <td width="50%" valign="top"><p>The character content of the first child TITLE element if there is one</p></td>
  </tr>
  <tr>
    <td width="50%" valign="top"><p>@NAME</p></td>
    <td width="50%" valign="top"><p>The value of the NAME attribute of the current element if there is one</p></td>
  </tr>
  <tr>
    <td width="50%" valign="top"><p>.</p></td>
    <td width="50%" valign="top"><p>The expanded character content of the current element</p></td>
  </tr>
  <tr>
    <td width="50%" valign="top"><p>../TITLE</p></td>
    <td width="50%" valign="top"><p>The expanded character content of the first TITLE child of the
    parent element, if there is one</p></td>
  </tr>
  <tr>
    <td width="50%" valign="top"><p>ancestor::SECTION/TITLE</p></td>
    <td width="50%" valign="top"><p>The expanded character content of the first TITLE child of the
    enclosing SECTION element, if there is one</p></td>
  </tr>
  <tr>
    <td width="50%" valign="top"><p>ancestor::*/TITLE</p></td>
    <td width="50%" valign="top"><p>The expanded character content of the first TITLE child of the
    nearest enclosing element that has a child element named TITLE</p></td>
  </tr>

  <tr>
    <td width="50%" valign="top"><p>PERSON[@ID]</p></td>
    <td width="50%" valign="top"><p>The content of the first child PERSON element having an ID attribute,
    if there is one</p></td>
  </tr>
  <tr>
    <td width="50%" valign="top"><p>*[last()]/@ID</p></td>
    <td width="50%" valign="top"><p>The value of the ID attribute of the last child element of any type,
     if there are any </p></td>
  </tr>
  <tr>
    <td width="50%" valign="top"><p>.//TITLE</p></td>
    <td width="50%" valign="top"><p>The content of the first descendant TITLE element if there is one</p></td>
  </tr>
  <tr>
    <td width="50%" valign="top"><p>sum(*/@SALES)</p></td>
    <td width="50%" valign="top"><p>The numeric total of the values of the SALES attributes of all child
    elements that have a SALES attribute</p></td>
  </tr>


</table>




</page><page><h2 id="variable">xsl:variable</h2>


<p>The <code>xsl:variable</code> element is used to declare a variable and give it a value. If it appears at the
top level (immediately within xsl:stylesheet) it declares a global variable, otherwise it declares a local variable
that is visible only within the stylesheet element containing the xsl:variable declaration.</p>

<p>The mandatory <code>name</code> attribute defines the name of the variable.</p> 

<p>The value of the variable may be defined either by an expression within the optional <code>select</code> attribute, or
by the contents of the xsl:variable element. In the latter case the result is a temporary tree. A
temporary tree can be used like a source document, for example it can be accessed using path expressions
and processed using template rules.</p>

<p>There is an optional attribute, <code>as</code>, to define the type of the variable. The actual supplied
value must be an instance of this type; it will not be converted. <i>This has changed in Saxon 7.4: previous
releases did a conversion.</i></p>

<p>In standard XSLT, variables once declared cannot be updated. Saxon however provides a 
<xref section="extensions" page="instructions" subpage="assign">saxon:assign</xref>
 extension element to circumvent this restriction.</p>

<p>The value of a variable can be referenced within an expression using the syntax <code>$name</code>.</p>

<p>Example:</p>
<example>&lt;xsl:variable name="title"&gt;A really exciting document"&lt;/xsl:variable&gt;
&lt;xsl:variable name="backcolor" expr="'#FFFFCC'" /&gt;
&lt;xsl:template match="/*"&gt;
    &lt;HTML&gt;&lt;TITLE&lt;xsl:value-of select="$title"/&gt;&lt;/TITLE&gt;
    &lt;BODY BGCOLOR='{$backcolor}'&gt;
    ...<br/>
    &lt;/BODY&gt;&lt;/HTML&gt;
&lt;/xsl:template&gt;</example>




</page><page><h2 id="when">xsl:when</h2>


<p>The <code>xsl:when</code> element is used within an <code>xsl:choose</code> element to indicate one
of a number of choices. It takes a mandatory parameter, <code>test</code>, whose value is a match
pattern. If this is the first xsl:when element within the enclosing xsl:choose whose test
 condition matches the current element, the content of the xsl:when element is expanded, otherwise
 it is ignored.</p>
 


</page><page><h2 id="with-param">xsl:with-param</h2>


<p>The <code>xsl:with-param</code> element is used to define an actual parameter to a template. It may be used
within an <code>xsl:call-template</code> or an <code>xsl:apply-templates</code> or an <code>xsl:apply-imports</code> element.
For an example, see the <xref page="template">xsl:template</xref> section.</p>

<p>There is a mandatory attribute, <code>name</code>, to define the name
of the parameter. The value of the parameter may be defined either by a select attribute, or by the
contents of the <code>xsl:param</code> element, in the same way as for <code>xsl:variable</code>.</p>

<p><i>The parameter has no effect unless the called template includes a matching
<code>xsl:param</code> element. But when using xsl:call-template, it is an error to specify 
a parameter that isn't declared in the target template, or to omit a parameter that's described
in the target template with <code>required="yes"</code>.</i></p>

<p>The attribute <code>tunnel="yes"</code> creates a tunnel parameter which is accessible to called
templates at any depth, whether or not they are declared in intermediate templates. However, the value
is only accessible if <code>tunnel="yes"</code> is also specified on the corresponding 
<code>xsl:param</code> element.</p>


</page><page><h2 id="lre">Literal Result Elements</h2>


<p>Any elements in the style sheet other than those listed above are
assumed to be literal result elements, and are copied to the current output stream at the
position in which they occur.</p>

<p>Attribute values within literal result elements are treated as attribute value templates:
they may contain string expressions enclosed between curly braces. For the syntax of 
string expressions, see <b><xref page="value-of">xsl:value-of</xref></b> above.</p>

<p>Where the output is HTML, certain formatting elements are recognised as empty
 elements: these are AREA, BASEFONT, BR, COL, FRAME, HR, IMG, INPUT, ISINDEX,
 LINK, META, and SYSTEM (in either upper or lower case, and optionally with attributes, of course).
 These should be written as empty
XML elements in the stylesheet, and will be written to the HTML output stream without a
closing tag.</p>

<p>With HTML output, if the attribute name is the same as its value, the abbreviated form
of output is used: for example if &lt;OPTION SELECTED="SELECTED"&gt; appears in the stylesheet,
it will be output as &lt;OPTION SELECTED&gt;.</p>

<p>A simple stylesheet may be created by using a literal result element as the top-level
element of the stylesheet. This implicitly defines a single template with a match pattern
of "/". In fact, an XHTML document constitutes a valid stylesheet which will be output as a copy
of itself, regardless of the contents of the source XML document.</p>

</page>

<page>
<h2 id="patterns">XSLT Patterns</h2>

<p>This section gives an informal description of the syntax of XSLT patterns.
For a formal specification, see the XSLT recommendation. Pattern syntax has not
changed significantly in XSLT 2.0, except that any XPath 2.0 expression may now
be used within a predicate.</p>

<p>Patterns define a condition that a node may or may not satisfy: a node either matches the
pattern, or it does not. The syntax of patterns is a subset of that for
the <xref section="expressions">XPath expressions</xref>, and formally, a node matches
a pattern if it is a member of the node set selected by the corresponding expression, with
some ancestor of the node acting as the current node for evaluating the expression. For example
a TITLE node matches the pattern "TITLE" because it is a member of the node set selected by the
expression "TITLE" when evaluated at the immediate parent node.</p>

<p>In XSLT stylesheets, patterns are used primarily in the <code>match</code> attribute of the 
<code>xsl:template</code> element.
They are also used in the <code>count</code> and <code>from</code> attributes of <code>xsl:number</code>, the
<code>match</code> attribute of <code>xsl:key</code>, and the <code>group-starting-with</code> and <code>group-ending-with</code>
attributes of <code>xsl:for-each-group</code>.</p>

<p>The next page gives some examples of match patterns and their meaning, and this is followed
by a page that gives a summary of the syntax.</p>

<subpageindex/>

<subpage id="examples" title="Examples of Patterns">

<p>The table below gives some examples of patterns, and explains their meaning:</p>

<table>
  <tr>
    <td valign="top"><p><b>Pattern</b></p></td>
    <td valign="top"><p><b>Meaning</b></p></td>
  </tr>
  <tr>
    <td valign="top"><p>PARA</p></td>
    <td valign="top"><p>Matches any element whose name (tag) is PARA</p></td>
  </tr>
  <tr>
    <td valign="top"><p><b>*</b></p></td>
    <td valign="top"><p>Matches any element</p></td>
  </tr>
  <tr>
    <td valign="top"><p>APPENDIX/PARA</p></td>
    <td valign="top"><p>Matches any PARA element 
    whose parent is an APPENDIX</p></td>
  </tr>
  <tr>
    <td valign="top"><p>APPENDIX//PARA</p></td>
    <td valign="top"><p>Matches any PARA element that has an ancestor named APPENDIX</p></td>
  </tr>
  <tr>
    <td valign="top"><p>/*/SECTION</p></td>
    <td valign="top"><p>Matches any SECTION element that is an immediate child
    of the outermost element in the document</p></td>
  </tr>
  <tr>
    <td valign="top"><p>*[@NAME]</p></td>
    <td valign="top"><p>Matches any element with a NAME attribute</p></td>
  </tr>
  <tr>
    <td valign="top"><p>SECTION/PARA[1]</p></td>
    <td valign="top"><p>Matches any PARA element that is the first PARA child of
    a SECTION element</p></td>
  </tr>
  <tr>
    <td valign="top"><p>SECTION[TITLE="Contents"]</p></td>
    <td valign="top"><p>Matches any SECTION element whose first TITLE child element
    has the value "Contents"</p></td>
  </tr>
  <tr>
    <td valign="top"><p>A/TITLE | B/TITLE | C/TITLE</p></td>
    <td valign="top"><p>Matches any TITLE element whose parent is of type A or B or C
    (Note that this cannot be written "(A|B|C)/TITLE", although that is a valid XPath 2.0 path expression.)</p></td>
  </tr>
  <tr>
    <td valign="top"><p>/BOOK//*</p></td>
    <td valign="top"><p>Matches any element in a document provided the top-level element in
    the document is named "BOOK"</p></td>
  </tr>
  <tr>
    <td valign="top"><p>A/text() </p></td>
    <td valign="top"><p>Matches the character content of an A element</p></td>
  </tr>
  <tr>
    <td valign="top"><p>A/@*</p></td>
    <td valign="top"><p>Matches any attribute of an A element</p></td>
  </tr>
</table>

<p>In a schema-aware stylesheet, it can be useful to match elements by their schema-defined
type, rather than by their name. The following table shows some examples of this.</p>

<table>
  <tr>
    <td valign="top"><p><b>Pattern</b></p></td>
    <td valign="top"><p><b>Meaning</b></p></td>
  </tr>
  <tr>
    <td valign="top"><p>schema-element(CHAPTER)</p></td>
    <td valign="top"><p>Matches any element that has been validated against the global element
    declaration named CHAPTER. More precisely, it matches an element named CHAPTER that has been
    validated against the type of the global element declaration named CHAPTER, and any element
    in the substitution group of the CHAPTER element.</p></td>
  </tr>
  <tr>
    <td valign="top"><p>element(*, ADDRESS-TYPE)</p></td>
    <td valign="top"><p>Matches any element that has been validated against the schema-defined
    global type definition ADDRESS-TYPE. The "*" indicates that there are no constraints on the element's name.</p></td>
  </tr>
 <tr>
    <td valign="top"><p>attribute(*, xs:date)</p></td>
    <td valign="top"><p>Matches any attribute that has been validated as an instance of xs:date, including
    types derived by restriction from xs:date.</p></td>
  </tr>
</table>

</subpage>

<subpage id="syntax" title="Pattern syntax">

<p>Saxon supports the full XSLT syntax for patterns. The rules below describe
a simplified form of this syntax (for example, it omits the legal but useless pattern
'@comment()'):</p>

<example>
pattern          ::= path ( '|' path )*
path             ::= anchor? remainder? (Note 1)

anchor           ::= '/' | '//' | id | key
id               ::= 'id' '(' value ')'
key              ::= 'key' '(' literal ',' value ')'
value            ::= literal | variable-reference

remainder        ::= path-part ( sep path-part )* 
sep              ::= '/' | '//'
path-part        ::= node-match predicate+
node-match       ::= kind-match | type-match   
kind-match       ::= element-match | 
                     text-match | 
					 attribute-match | 
					 pi-match | 
					 any-node-match
element-match    ::= 'child::'? ( name | '*' ) 
text-match       ::= 'text' '(' ')' 
attribute-match  ::= ('attribute::' | '@') ( name | '*' ) 
pi-match         ::= 'processing-instruction' '(' literal? ')'
any-node-match   ::= 'node' '(' ')'

type-match       ::= ('element'|'attribute') 
                        '(' ('*'|node-name) (',' type-name) ')'

predicate        ::= '[' ( boolean-expression | 
                           numeric-expression ) ']'
</example>


<p>Note 1: not all combinations are allowed.
 If the anchor is '//' then the remainder is mandatory.</p>

<p>The form of a literal is as defined in expressions; and a predicate is itself a boolean
 or numeric expression. As with predicates in expressions, a numeric predicate [P] is shorthand
 for the boolean predicate [position()=P].</p>

<p>Informally, a pattern consists of either a single path or a sequence of paths separated
 by vertical bars. An element matches the match-pattern if it matches any one of the paths.</p>

<p>A path consists of a sequence of path-parts separated by either "/" or "//".
 There is an optional separator ("/" or "//") at the start; a "//" has no effect and
 can be ignored. The last path-part may be an element-match, a text-match, an
  attribute-match, a pi-match, or a node-match; in practice, a path-part other than the last
   should be an element-match. </p>

<p>The axis syntax child:: and attribute:: may also be used in patterns, as described in the XSLT
specification.</p>

</subpage>
</page>
</body>
</html>
